Sexo,Edad,1970,1971,1972,1973,1974,1975,1976,1977,1978,1979,1980,1981,1982,1983,1984,1985,1986,1987,1988,1989,1990,1991,1992,1993,1994,1995,1996,1997,1998,1999,2000,2001,2002,2003,2004,2005,2006,2007,2008,2009,2010,2011,2012,2013,2014,2015
Hombres,0,34142,34901,35622,36235,36721,37078,37256,37315,37386,37489,37526,37396,37191,36983,36762,36527,36278,36022,35766,35474,35869,37004,38114,39162,40135,40986,41405,41477,41554,41637,41870,42249,42634,43056,43531,43974,44181,44246,44362,44506,44664,44915,45243,45526,45783,45971
Hombres,1,32615,33500,34373,35188,35896,36479,36934,37211,37382,37579,37688,37587,37398,37217,37016,36794,36553,36292,36026,35745,36056,36998,37999,38994,39896,40718,41167,41255,41318,41393,41635,42047,42508,43004,43557,44173,44488,44495,44498,44548,44665,44883,45191,45499,45777,46033
Hombres,2,31684,32634,33585,34517,35397,36174,36828,37352,37702,37946,38077,37968,37753,37558,37362,37145,36907,36651,36379,36103,36375,37149,37939,38827,39683,40444,40935,41113,41178,41227,41476,41897,42354,42883,43462,44111,44540,44639,44637,44625,44710,44935,45219,45506,45804,46078
Hombres,3,30807,31782,32788,33784,34764,35696,36528,37235,37813,38217,38371,38259,38029,37816,37616,37416,37195,36955,36698,36428,36647,37324,37950,38631,39390,40118,40612,40888,41037,41080,41313,41747,42191,42686,43265,43907,44343,44557,44681,44696,44742,44953,45253,45521,45801,46099
Hombres,4,29952,30924,31945,32986,34021,35043,36019,36895,37646,38270,38570,38468,38232,38012,37806,37613,37421,37209,36978,36733,36897,37462,38000,38522,39082,39722,40241,40573,40812,40932,41168,41592,42031,42491,43011,43625,44050,44284,44543,44704,44779,44953,45248,45541,45811,46095
Hombres,5,29116,30079,31089,32139,33212,34282,35342,36355,37269,38058,38571,38611,38386,38169,37965,37774,37598,37424,37230,37017,37145,37597,38033,38473,38882,39332,39812,40212,40503,40709,41027,41459,41876,42314,42779,43312,43718,43962,44253,44559,44773,44974,45243,45537,45837,46116
Hombres,6,28292,29254,30250,31284,32362,33466,34568,35659,36706,37652,38328,38582,38503,38302,38108,37927,37760,37610,37460,37289,37389,37747,38080,38423,38759,39068,39400,39798,40154,40409,40818,41336,41753,42156,42582,43042,43385,43634,43939,44281,44628,44962,45269,45545,45852,46165
Hombres,7,27472,28436,29427,30444,31503,32607,33739,34870,35991,37066,37901,38326,38467,38417,38245,38080,37930,37795,37674,37553,37636,37910,38159,38404,38653,38899,39126,39407,39760,40079,40538,41148,41645,42037,42413,42820,43112,43326,43637,43996,44365,44827,45278,45598,45889,46212
Hombres,8,26647,27621,28612,29622,30660,31742,32871,34029,35187,36333,37301,37896,38216,38389,38373,38236,38107,37993,37893,37806,37881,38085,38260,38428,38589,38758,38953,39154,39390,39705,40226,40886,41471,41934,42288,42635,42901,43093,43369,43735,44106,44584,45174,45643,45981,46290
Hombres,9,25800,26794,27791,28799,29827,30886,31990,33142,34324,35503,36548,37293,37794,38151,38363,38387,38291,38204,38130,38069,38125,38271,38388,38492,38587,38679,38822,39011,39167,39362,39875,40594,41225,41769,42185,42500,42734,42931,43185,43514,43879,44356,44971,45582,46072,46430
Hombres,10,24917,25937,26953,27965,28988,30034,31112,32236,33409,34610,35696,36538,37202,37745,38145,38403,38473,38424,38383,38355,38387,38471,38545,38602,38646,38686,38773,38924,39065,39180,39566,40269,40954,41536,42025,42394,42628,42826,43081,43384,43699,44168,44791,45430,46067,46581
Hombres,11,24008,25057,26098,27126,28152,29192,30255,31351,32493,33683,34800,35706,36481,37189,37778,38227,38535,38656,38657,38665,38684,38706,38733,38760,38772,38776,38824,38925,39028,39128,39424,39992,40660,41294,41818,42256,42577,42802,43047,43340,43618,44039,44662,45310,45978,46643
Hombres,12,23090,24164,25232,26284,27326,28368,29424,30504,31616,32773,33889,34849,35700,36520,37276,37914,38415,38776,38948,38998,39012,38987,38967,38959,38955,38942,38962,39025,39081,39144,39419,39891,40426,41044,41621,42094,42514,42847,43100,43365,43624,44015,44598,45248,45926,46623
Hombres,13,22172,23258,24349,25428,26493,27550,28607,29678,30773,31898,32990,33970,34885,35780,36646,37450,38139,38692,39104,39325,39345,39285,39230,39186,39159,39144,39150,39183,39206,39225,39462,39914,40359,40847,41411,41941,42422,42870,43213,43467,43698,44087,44645,45253,45933,46639
Hombres,14,21249,22327,23427,24526,25615,26692,27762,28831,29914,31018,32085,33058,34000,34953,35888,36797,37647,38385,38984,39442,39601,39521,39438,39365,39313,39291,39294,39311,39310,39306,39510,39937,40377,40780,41212,41732,42294,42821,43275,43611,43842,44227,44786,45365,45998,46701
Hombres,15,20314,21362,22447,23549,24651,25746,26831,27908,28984,30069,31117,32079,33018,33988,34972,35941,36888,37779,38556,39194,39560,39599,39501,39397,39324,39291,39281,39295,39286,39269,39465,39886,40329,40733,41075,41464,42044,42678,43229,43687,44023,44439,44994,45566,46161,46808
Hombres,16,19356,20378,21427,22507,23604,24706,25803,26890,27968,29039,30071,31028,31955,32912,33903,34910,35907,36885,37805,38610,39132,39368,39395,39266,39168,39125,39094,39088,39082,39066,39250,39691,40166,40578,40912,41210,41687,42368,43062,43641,44129,44685,45265,45821,46398,46996
Hombres,17,18421,19388,20406,21445,22516,23609,24709,25804,26886,27954,28976,29931,30856,31794,32763,33768,34794,35813,36811,37750,38422,38816,39051,39036,38915,38854,38798,38756,38738,38729,38884,39323,39857,40306,40637,40924,41334,41940,42717,43465,44108,44849,45561,46130,46680,47247
Hombres,18,17531,18447,19408,20414,21442,22507,23596,24692,25780,26849,27874,28833,29761,30692,31637,32616,33635,34678,35711,36721,37519,38073,38478,38666,38658,38572,38483,38402,38355,38333,38445,38846,39410,39921,40281,40562,40972,41526,42253,43103,43948,44874,45761,46450,47002,47527
Hombres,19,16669,17566,18475,19424,20421,21444,22505,23589,24677,25750,26783,27760,28701,29632,30568,31521,32511,33545,34600,35642,36512,37203,37780,38142,38336,38358,38235,38108,38027,37975,38018,38349,38893,39439,39860,40169,40571,41125,41812,42619,43596,44748,45805,46659,47321,47836
Hombres,20,15986,16716,17607,18506,19447,20440,21460,22518,23594,24667,25711,26713,27679,28622,29559,30502,31465,32468,33512,34576,35485,36257,36980,37524,37894,38110,38090,37924,37804,37718,37680,37905,38386,38919,39381,39755,40169,40700,41388,42155,43113,44411,45678,46693,47514,48129
Hombres,21,15426,16045,16770,17652,18545,19484,20475,21492,22541,23603,24655,25683,26681,27649,28598,29541,30494,31469,32482,33534,34472,35292,36102,36805,37359,37744,37920,37858,37705,37581,37471,37577,37950,38426,38887,39310,39764,40284,40943,41706,42643,43925,45318,46536,47512,48277
Hombres,22,14858,15489,16103,16820,17698,18589,19527,20515,21524,22559,23606,24655,25685,26685,27659,28613,29565,30529,31514,32535,33471,34327,35185,35988,36703,37267,37620,37760,37715,37561,37385,37383,37630,38005,38425,38858,39333,39865,40504,41233,42181,43436,44790,46127,47301,48214
Hombres,23,14331,14917,15544,16151,16864,17741,18632,19567,20549,21544,22571,23626,24682,25715,26720,27698,28659,29621,30593,31584,32498,33360,34255,35115,35930,36652,37193,37519,37680,37638,37415,37316,37443,37698,38033,38437,38894,39419,40062,40767,41688,42941,44244,45532,46820,47926
Hombres,24,13841,14382,14964,15585,16188,16901,17778,18666,19594,20561,21553,22598,23665,24723,25759,26767,27751,28720,29687,30664,31559,32405,33304,34208,35081,35902,36611,37136,37487,37654,37531,37356,37374,37517,37749,38081,38483,38963,39592,40297,41195,42399,43677,44907,46141,47355
Hombres,25,13378,13877,14416,14992,15611,16213,16926,17801,18682,19597,20567,21584,22643,23710,24769,25807,26818,27808,28780,29750,30640,31475,32356,33267,34183,35061,35878,36580,37131,37489,37569,37472,37404,37443,37577,37817,38126,38531,39110,39800,40695,41845,43053,44254,45425,46580
Hombres,26,12929,13399,13896,14430,15004,15623,16226,16936,17804,18674,19595,20594,21627,22685,23752,24811,25850,26866,27856,28829,29723,30560,31425,32320,33243,34162,35044,35862,36590,37149,37418,37506,37505,37463,37507,37658,37859,38155,38655,39296,40163,41274,42409,43538,44680,45771
Hombres,27,12491,12930,13399,13893,14426,15001,15621,16222,16928,17787,18666,19619,20635,21665,22721,23786,24845,25885,26899,27887,28794,29642,30506,31386,32291,33215,34144,35033,35875,36611,37081,37344,37519,37549,37522,37592,37694,37870,38257,38818,39617,40662,41743,42802,43873,44937
Hombres,28,12093,12474,12913,13379,13873,14409,14986,15605,16203,16901,17770,18684,19653,20665,21693,22745,23809,24867,25904,26914,27846,28713,29583,30460,31347,32252,33189,34130,35040,35890,36539,36995,37336,37544,37599,37606,37618,37687,37950,38398,39095,40032,41036,42046,43052,44051
Hombres,29,11699,12060,12442,12880,13348,13845,14384,14962,15579,16172,16882,17785,18713,19678,20686,21708,22756,23817,24870,25901,26863,27762,28647,29529,30411,31296,32216,33170,34128,35044,35810,36440,36964,37341,37581,37675,37621,37597,37749,38072,38631,39426,40316,41256,42221,43163
Hombres,30,11274,11651,12015,12397,12838,13311,13813,14353,14931,15546,16151,16893,17809,18731,19691,20693,21710,22755,23808,24853,25845,26779,27692,28587,29471,30348,31250,32190,33159,34123,34961,35703,36393,36954,37366,37649,37682,37589,37644,37854,38262,38883,39629,40464,41369,42280
Hombres,31,10846,11215,11596,11961,12348,12795,13273,13778,14321,14899,15526,16160,16912,17822,18739,19692,20688,21700,22737,23782,24795,25763,26707,27626,28519,29395,30292,31217,32170,33142,34033,34846,35642,36367,36966,37424,37648,37642,37625,37736,38005,38444,39017,39718,40528,41390
Hombres,32,10435,10780,11153,11537,11908,12302,12757,13241,13750,14293,14882,15534,16177,16923,17827,18736,19683,20673,21676,22704,23722,24716,25690,26637,27553,28437,29335,30258,31192,32146,33051,33917,34776,35605,36368,37012,37415,37605,37671,37707,37852,38126,38521,39060,39747,40525
Hombres,33,10044,10365,10715,11093,11483,11863,12265,12726,13214,13727,14281,14890,15548,16184,16924,17821,18724,19665,20646,21640,22646,23650,24646,25621,26562,27466,28374,29300,30228,31162,32055,32935,33840,34730,35597,36405,37001,37375,37631,37748,37796,37923,38159,38530,39064,39729
Hombres,34,9670,9972,10299,10655,11040,11440,11828,12238,12706,13199,13720,14289,14901,15553,16184,16918,17809,18706,19639,20612,21589,22582,23584,24579,25546,26474,27403,28340,29268,30192,31072,31942,32855,33789,34715,35624,36391,36965,37402,37706,37813,37824,37922,38143,38517,39037
Hombres,35,9320,9601,9910,10243,10607,11002,11412,11808,12225,12698,13198,13728,14298,14905,15552,16176,16905,17791,18681,19606,20564,21530,22521,23520,24505,25457,26412,27369,28305,29227,30104,30963,31862,32802,33770,34736,35613,36365,36995,37475,37750,37806,37797,37888,38120,38489
Hombres,36,8992,9256,9544,9859,10200,10574,10979,11397,11801,12224,12701,13205,13734,14299,14903,15545,16165,16891,17771,18654,19567,20514,21475,22461,23449,24418,25397,26379,27333,28260,29142,30003,30886,31807,32778,33782,34723,35591,36394,37064,37498,37712,37758,37749,37857,38090
Hombres,37,8679,8933,9204,9499,9822,10173,10557,10969,11395,11805,12231,12708,13209,13734,14297,14897,15536,16155,16875,17750,18623,19524,20466,21420,22393,23365,24360,25366,26342,27285,28179,29049,29929,30831,31780,32784,33770,34709,35622,36460,37069,37436,37650,37702,37715,37829
Hombres,38,8379,8628,8890,9167,9469,9801,10161,10553,10973,11404,11814,12235,12707,13205,13730,14291,14889,15528,16143,16861,17725,18585,19479,20413,21355,22311,23308,24329,25327,26290,27207,28094,28978,29875,30802,31780,32772,33762,34740,35684,36449,36988,37365,37588,37665,37688
Hombres,39,8082,8337,8592,8859,9143,9454,9794,10160,10558,10982,11411,11813,12228,12700,13200,13724,14286,14885,15523,16139,16844,17693,18545,19431,20352,21277,22257,23278,24289,25273,26217,27131,28028,28925,29842,30793,31767,32768,33791,34794,35657,36353,36910,37299,37549,37638
Hombres,40,7771,8048,8309,8569,8841,9132,9450,9795,10167,10568,10988,11407,11804,12221,12695,13195,13722,14286,14886,15526,16127,16814,17654,18498,19371,20275,21222,22226,23237,24233,25203,26148,27069,27975,28889,29826,30779,31766,32795,33839,34755,35549,36270,36841,37257,37521
Hombres,41,7440,7745,8026,8290,8554,8833,9129,9451,9800,10174,10570,10980,11395,11795,12215,12691,13195,13726,14294,14898,15520,16098,16778,17610,18442,19298,20224,21193,22183,23177,24165,25140,26088,27014,27933,28863,29806,30777,31787,32832,33784,34635,35462,36197,36794,37223
Hombres,42,7131,7420,7728,8010,8278,8547,8830,9130,9455,9805,10173,10559,10966,11384,11788,12213,12694,13204,13739,14311,14895,15491,16063,16735,17556,18372,19248,20192,21146,22119,23109,24105,25079,26030,26966,27898,28840,29806,30793,31814,32765,33656,34544,35383,36142,36752
Hombres,43,6830,7115,7406,7715,8000,8271,8544,8829,9129,9453,9798,10157,10542,10954,11378,11787,12217,12706,13221,13762,14310,14864,15453,16019,16682,17488,18321,19212,20140,21076,22049,23050,24043,25017,25975,26921,27868,28835,29813,30807,31731,32626,33559,34458,35319,36088
Hombres,44,6540,6817,7103,7394,7704,7991,8265,8538,8823,9122,9440,9779,10139,10529,10947,11376,11793,12231,12725,13248,13761,14275,14823,15408,15966,16616,17436,18279,19154,20062,21003,21991,22987,23978,24957,25921,26885,27860,28834,29813,30712,31586,32525,33467,34384,35252
Hombres,45,6294,6530,6807,7092,7383,7695,7983,8256,8528,8811,9105,9421,9762,10128,10524,10948,11385,11809,12254,12755,13246,13723,14233,14777,15355,15902,16563,17388,18214,19069,19986,20943,21924,22916,23909,24891,25877,26871,27848,28820,29705,30559,31479,32425,33381,34302
Hombres,46,6052,6283,6519,6794,7079,7371,7683,7969,8240,8509,8788,9083,9403,9750,10122,10525,10956,11401,11832,12283,12751,13202,13675,14183,14723,15292,15846,16508,17317,18124,18991,19927,20876,21851,22842,23835,24841,25856,26848,27819,28699,29546,30446,31370,32326,33281
Hombres,47,5813,6041,6271,6505,6779,7064,7356,7665,7949,8216,8483,8766,9067,9393,9746,10125,10534,10972,11423,11860,12274,12701,13151,13624,14128,14661,15233,15783,16429,17220,18043,18930,19856,20797,21768,22757,23774,24811,25821,26803,27687,28534,29426,30327,31257,32209
Hombres,48,5577,5800,6027,6255,6487,6761,7045,7333,7640,7920,8186,8460,8750,9057,9389,9747,10131,10547,10990,11446,11845,12218,12644,13095,13567,14067,14597,15160,15698,16329,17137,17980,18855,19771,20707,21673,22687,23735,24763,25762,26662,27518,28408,29297,30201,31124
Hombres,49,5344,5562,5784,6008,6234,6466,6737,7017,7303,7604,7885,8161,8444,8739,9051,9386,9750,10140,10559,11007,11424,11782,12156,12585,13036,13505,13998,14517,15068,15592,16241,17068,17899,18763,19672,20601,21594,22639,23677,24691,25612,26488,27385,28271,29160,30052
Hombres,50,5118,5327,5543,5762,5983,6208,6437,6705,6981,7261,7564,7857,8144,8431,8730,9045,9385,9753,10146,10568,10977,11355,11715,12094,12524,12974,13433,13910,14418,14957,15499,16167,16981,17799,18656,19558,20513,21537,22570,23592,24534,25435,26349,27238,28120,28996
Hombres,51,4903,5097,5304,5516,5732,5953,6175,6400,6665,6936,7218,7536,7840,8129,8419,8720,9038,9381,9750,10144,10530,10902,11283,11648,12029,12460,12896,13335,13803,14301,14858,15417,16072,16874,17684,18532,19460,20447,21457,22473,23428,24354,25290,26194,27078,27944
Hombres,52,4703,4877,5069,5272,5482,5697,5915,6133,6355,6614,6888,7188,7516,7821,8112,8403,8705,9025,9368,9737,10096,10448,10826,11213,11582,11965,12377,12790,13221,13682,14196,14768,15315,15958,16751,17552,18426,19385,20356,21349,22303,23244,24201,25126,26023,26888
Hombres,53,4524,4674,4846,5034,5235,5443,5654,5868,6082,6299,6562,6854,7164,7492,7799,8090,8381,8684,9002,9343,9681,10011,10368,10751,11141,11513,11875,12261,12668,13094,13570,14096,14656,15192,15827,16611,17438,18342,19285,20237,21172,22116,23086,24030,24944,25820
Hombres,54,4363,4489,4637,4805,4991,5189,5395,5602,5812,6022,6243,6525,6827,7136,7464,7769,8059,8350,8651,8966,9279,9592,9926,10288,10675,11068,11415,11749,12132,12536,12975,13459,13974,14523,15053,15680,16490,17345,18232,19155,20056,20983,21951,22906,23838,24730
Hombres,55,4219,4321,4445,4590,4756,4940,5135,5337,5541,5746,5960,6201,6492,6793,7101,7427,7730,8019,8307,8604,8895,9187,9504,9843,10209,10596,10962,11281,11614,11997,12411,12856,13330,13835,14377,14901,15554,16389,17227,18095,18972,19866,20813,21765,22706,23613
Hombres,56,4092,4172,4272,4393,4536,4700,4881,5073,5271,5471,5682,5915,6164,6453,6753,7058,7381,7682,7966,8248,8525,8799,9095,9416,9758,10125,10485,10822,11142,11476,11865,12282,12717,13182,13683,14219,14768,15445,16263,17083,17909,18780,19690,20621,21556,22472
Hombres,57,3974,4038,4116,4213,4333,4475,4637,4815,5004,5198,5403,5632,5873,6121,6408,6703,7005,7325,7621,7899,8165,8428,8705,9004,9326,9667,10006,10338,10676,10998,11336,11725,12134,12562,13025,13521,14081,14652,15314,16113,16895,17715,18598,19492,20404,21313
Hombres,58,3858,3913,3976,4053,4149,4268,4408,4567,4742,4928,5127,5349,5585,5824,6069,6352,6643,6942,7256,7545,7810,8066,8330,8609,8908,9228,9542,9854,10188,10528,10851,11187,11570,11974,12400,12860,13377,13957,14513,15157,15922,16698,17529,18394,19269,20154
Hombres,59,3738,3791,3845,3907,3983,4079,4197,4335,4492,4665,4855,5070,5298,5531,5768,6008,6287,6575,6866,7172,7451,7708,7963,8228,8506,8802,9096,9386,9699,10036,10375,10693,11025,11403,11806,12231,12710,13244,13809,14349,14964,15723,16506,17318,18165,19012
Hombres,60,3609,3665,3717,3771,3833,3909,4005,4121,4258,4414,4591,4795,5015,5240,5471,5703,5939,6213,6494,6778,7075,7347,7603,7858,8121,8395,8666,8938,9229,9544,9876,10209,10525,10854,11233,11636,12078,12569,13089,13637,14151,14760,15523,16289,17083,17902
Hombres,61,3470,3531,3586,3638,3693,3757,3834,3929,4044,4180,4339,4528,4736,4953,5176,5401,5628,5861,6127,6399,6676,6969,7239,7493,7744,8002,8253,8504,8776,9069,9379,9704,10035,10349,10680,11062,11478,11928,12406,12909,13433,13942,14555,15300,16047,16814
Hombres,62,3322,3388,3449,3504,3557,3613,3677,3754,3849,3965,4104,4273,4465,4671,4884,5101,5321,5545,5770,6028,6296,6569,6857,7124,7374,7619,7856,8088,8339,8611,8898,9202,9525,9855,10172,10507,10897,11318,11755,12217,12698,13215,13727,14325,15052,15772
Hombres,63,3167,3235,3301,3362,3418,3474,3532,3596,3674,3770,3888,4035,4207,4396,4597,4805,5017,5233,5448,5665,5919,6184,6452,6736,6997,7239,7465,7685,7916,8167,8435,8717,9020,9342,9675,9997,10337,10727,11134,11557,11998,12473,12991,13489,14070,14771
Hombres,64,3011,3078,3146,3212,3274,3332,3390,3448,3514,3593,3692,3816,3964,4132,4318,4514,4717,4924,5132,5339,5553,5805,6064,6327,6604,6857,7081,7291,7510,7740,7987,8251,8532,8835,9160,9496,9818,10155,10533,10926,11329,11764,12239,12744,13228,13786
Hombres,65,2853,2918,2985,3054,3121,3186,3246,3304,3365,3433,3513,3616,3740,3885,4050,4230,4420,4618,4817,5017,5222,5436,5682,5935,6191,6458,6693,6903,7111,7327,7555,7800,8064,8345,8650,8978,9311,9626,9951,10316,10691,11087,11521,11984,12474,12936
Hombres,66,2695,2760,2825,2892,2962,3032,3098,3159,3220,3282,3351,3433,3535,3657,3799,3958,4133,4319,4508,4699,4897,5101,5309,5548,5793,6040,6291,6512,6719,6924,7139,7368,7612,7874,8157,8464,8785,9107,9411,9725,10072,10440,10835,11258,11705,12174
Hombres,67,2534,2600,2665,2730,2799,2871,2942,3008,3071,3133,3196,3264,3346,3446,3566,3703,3857,4026,4204,4386,4576,4773,4971,5173,5404,5640,5871,6108,6324,6526,6732,6950,7178,7420,7684,7967,8264,8572,8883,9175,9472,9812,10179,10565,10974,11402
Hombres,68,2368,2440,2506,2571,2637,2708,2781,2852,2921,2986,3046,3107,3174,3254,3351,3466,3598,3748,3909,4079,4260,4449,4640,4832,5027,5249,5469,5688,5919,6130,6335,6545,6760,6984,7227,7491,7762,8044,8341,8639,8915,9205,9544,9902,10275,10666
Hombres,69,2195,2276,2347,2413,2478,2546,2617,2690,2763,2832,2894,2952,3010,3076,3155,3248,3359,3488,3630,3784,3953,4133,4315,4500,4684,4869,5077,5287,5499,5724,5939,6149,6355,6566,6789,7030,7279,7535,7807,8091,8373,8642,8932,9262,9609,9964
Hombres,70,2014,2105,2184,2255,2321,2387,2456,2527,2601,2674,2740,2797,2852,2909,2974,3048,3138,3246,3367,3503,3656,3824,3997,4173,4350,4525,4698,4896,5098,5304,5533,5753,5957,6158,6367,6587,6813,7047,7293,7552,7819,8093,8362,8645,8964,9293
Hombres,71,1831,1928,2017,2094,2164,2231,2297,2365,2436,2509,2577,2637,2691,2745,2802,2863,2935,3023,3124,3240,3375,3527,3689,3856,4024,4192,4356,4520,4710,4906,5117,5349,5562,5759,5956,6161,6366,6578,6801,7035,7277,7536,7809,8071,8344,8646
Hombres,72,1649,1748,1841,1927,2003,2073,2139,2204,2271,2342,2409,2470,2527,2581,2634,2689,2748,2819,2902,2998,3113,3247,3393,3547,3706,3864,4021,4177,4334,4518,4719,4933,5157,5361,5554,5746,5936,6127,6329,6541,6757,6991,7249,7514,7767,8023
Hombres,73,1475,1570,1664,1754,1837,1912,1981,2045,2109,2176,2240,2300,2358,2414,2468,2519,2571,2630,2696,2774,2870,2984,3112,3252,3399,3548,3697,3845,3994,4146,4335,4538,4743,4956,5153,5340,5518,5696,5877,6068,6263,6470,6703,6952,7206,7442
Hombres,74,1314,1399,1488,1578,1665,1746,1820,1886,1949,2011,2071,2128,2185,2243,2298,2350,2400,2452,2507,2570,2648,2742,2850,2972,3104,3242,3382,3523,3665,3809,3966,4157,4350,4544,4749,4938,5111,5278,5446,5617,5789,5975,6181,6405,6642,6878
Hombres,75,1168,1241,1322,1407,1493,1577,1655,1725,1789,1850,1906,1960,2014,2070,2127,2180,2230,2280,2329,2381,2444,2520,2609,2712,2827,2951,3079,3211,3346,3483,3631,3790,3971,4153,4338,4533,4710,4873,5029,5186,5339,5502,5686,5883,6095,6314
Hombres,76,1036,1097,1166,1242,1323,1406,1486,1560,1627,1689,1744,1794,1845,1899,1955,2009,2061,2111,2158,2204,2255,2315,2387,2472,2568,2675,2790,2912,3038,3168,3308,3458,3607,3775,3948,4124,4307,4474,4626,4771,4909,5052,5214,5389,5574,5768
Hombres,77,921,970,1027,1092,1164,1241,1319,1395,1465,1529,1584,1633,1682,1732,1786,1839,1892,1944,1990,2035,2080,2128,2185,2252,2332,2421,2520,2629,2745,2866,2997,3138,3277,3416,3575,3738,3903,4077,4232,4372,4498,4626,4767,4920,5082,5250
Hombres,78,819,858,904,957,1018,1086,1158,1231,1302,1368,1426,1476,1524,1572,1623,1673,1725,1778,1826,1870,1911,1953,1999,2052,2115,2188,2270,2364,2467,2577,2700,2831,2961,3090,3220,3369,3523,3680,3841,3983,4104,4219,4344,4476,4616,4762
Hombres,79,728,760,796,838,887,944,1007,1074,1143,1209,1269,1323,1371,1418,1466,1513,1562,1613,1662,1707,1748,1786,1825,1868,1917,1975,2042,2120,2208,2306,2417,2538,2659,2779,2899,3021,3162,3308,3452,3598,3720,3829,3941,4058,4178,4302
Hombres,80+,3969,4169,4371,4578,4804,5056,5331,5635,5966,6331,6713,7127,7566,8011,8467,8911,9354,9802,10232,10650,11054,11438,11827,12210,12600,12980,13340,13700,14096,14549,15122,15800,16506,17223,17978,18767,19589,20462,21332,22185,23001,23792,24604,25422,26224,26972
Mujeres,0,32801,33525,34203,34786,35248,35587,35755,35808,35871,35964,36004,35907,35750,35590,35416,35231,35033,34830,34628,34398,34791,35851,36879,37839,38735,39524,39903,39935,39953,39990,40244,40669,41072,41497,41964,42412,42619,42675,42814,42964,43127,43444,43836,44202,44558,44820
Mujeres,1,31341,32198,33029,33800,34476,35033,35468,35734,35898,36083,36195,36133,36001,35876,35730,35565,35383,35186,34985,34773,35080,35947,36853,37718,38498,39229,39634,39687,39669,39665,39937,40450,40966,41469,41996,42590,42894,42887,42932,43030,43159,43438,43815,44199,44594,44939
Mujeres,2,30391,31313,32239,33131,33969,34717,35347,35855,36196,36436,36580,36525,36381,36255,36127,35976,35807,35621,35423,35223,35479,36165,36872,37623,38321,38952,39378,39531,39534,39485,39710,40227,40795,41369,41927,42535,42928,43001,43018,43061,43197,43473,43823,44184,44570,44943
Mujeres,3,29521,30471,31452,32426,33371,34263,35068,35755,36322,36722,36898,36851,36705,36574,36454,36330,36185,36020,35842,35653,35848,36411,36946,37505,38101,38661,39059,39300,39405,39372,39546,40007,40555,41155,41754,42360,42741,42903,43022,43061,43166,43461,43819,44154,44510,44874
Mujeres,4,28693,29645,30644,31664,32681,33672,34612,35464,36200,36815,37139,37111,36971,36844,36728,36621,36511,36380,36230,36068,36201,36633,37055,37451,37866,38335,38728,39002,39195,39260,39445,39851,40326,40886,41488,42110,42484,42645,42864,43019,43125,43389,43776,44122,44453,44793
Mujeres,5,27898,28843,29835,30866,31924,32981,34011,34992,35886,36663,37195,37310,37190,37075,36970,36874,36788,36700,36590,36462,36551,36853,37155,37448,37711,38010,38369,38690,38915,39066,39346,39759,40164,40635,41179,41784,42183,42357,42580,42842,43060,43322,43688,44069,44414,44737
Mujeres,6,27125,28070,29050,30068,31132,32224,33315,34381,35398,36328,37019,37345,37372,37280,37191,37111,37041,36983,36921,36836,36890,37084,37267,37450,37624,37782,38020,38352,38626,38807,39169,39672,40074,40463,40904,41437,41838,42065,42303,42571,42883,43250,43625,43989,44373,44717
Mujeres,7,26363,27311,28287,29289,30336,31429,32551,33674,34773,35822,36669,37161,37403,37461,37399,37340,37291,37252,37223,37189,37222,37321,37406,37482,37558,37638,37778,38026,38310,38538,38926,39505,39990,40369,40720,41140,41497,41757,42046,42330,42633,43085,43573,43949,44320,44709
Mujeres,8,25602,26560,27534,28530,29557,30629,31749,32899,34051,35178,36147,36806,37221,37497,37588,37558,37532,37516,37509,37511,37534,37556,37559,37550,37532,37526,37624,37805,38006,38244,38672,39269,39825,40279,40612,40933,41208,41457,41780,42115,42418,42851,43432,43924,44310,44690
Mujeres,9,24820,25799,26780,27773,28789,29837,30932,32076,33252,34428,35480,36275,36864,37315,37627,37753,37759,37768,37786,37812,37816,37779,37720,37643,37555,37468,37511,37672,37807,37961,38390,39018,39586,40105,40507,40802,41011,41213,41523,41890,42230,42655,43225,43814,44319,44716
Mujeres,10,24005,25011,26010,27006,28015,29050,30118,31232,32397,33594,34700,35593,36329,36956,37446,37797,37961,38006,38052,38106,38088,37991,37890,37766,37627,37487,37471,37591,37705,37791,38124,38741,39334,39858,40317,40673,40890,41063,41321,41673,42032,42488,43058,43640,44245,44766
Mujeres,11,23163,24196,25220,26231,27241,28266,29316,30399,31531,32713,33845,34810,35653,36427,37094,37624,38014,38219,38301,38385,38353,38202,38060,37913,37747,37574,37519,37585,37656,37720,37973,38482,39061,39607,40067,40475,40790,41006,41225,41516,41845,42318,42929,43515,44116,44741
Mujeres,12,22306,23359,24409,25443,26466,27489,28527,29591,30689,31835,32960,33968,34892,35772,36584,37289,37858,38288,38529,38646,38611,38424,38245,38075,37903,37720,37636,37660,37679,37702,37925,38347,38820,39352,39834,40242,40644,40985,41230,41466,41723,42169,42807,43437,44044,44667
Mujeres,13,21446,22504,23572,24631,25676,26711,27746,28795,29871,30980,32075,33092,34066,35024,35939,36787,37529,38134,38599,38873,38846,38639,38440,38249,38071,37899,37802,37788,37769,37743,37921,38311,38700,39129,39599,40031,40464,40914,41268,41512,41709,42092,42711,43369,44022,44651
Mujeres,14,20590,21635,22707,23782,24849,25904,26949,27993,29053,30138,31202,32205,33192,34195,35183,36129,37008,37782,38418,38912,39026,38818,38614,38417,38232,38071,37976,37935,37885,37827,37955,38302,38667,39017,39385,39809,40292,40790,41242,41583,41791,42128,42689,43325,44002,44673
Mujeres,15,19743,20759,21814,22889,23971,25046,26108,27161,28213,29279,30324,31308,32284,33295,34322,35333,36303,37207,38005,38664,38987,38918,38726,38535,38359,38207,38107,38053,37989,37911,38004,38304,38639,38972,39263,39589,40088,40653,41150,41583,41897,42264,42778,43346,43992,44679
Mujeres,16,18902,19884,20906,21962,23042,24128,25208,26276,27334,28390,29420,30395,31355,32348,33375,34417,35444,36431,37351,38163,38648,38795,38751,38583,38426,38296,38187,38110,38047,37965,38028,38291,38597,38910,39186,39440,39862,40458,41028,41508,41928,42421,42960,43470,44037,44681
Mujeres,17,18061,19015,20000,21021,22079,23161,24250,25333,26404,27464,28488,29458,30410,31380,32380,33414,34464,35500,36493,37418,38061,38383,38562,38551,38427,38328,38217,38112,38043,37975,38015,38239,38529,38824,39081,39327,39695,40226,40837,41395,41879,42495,43153,43677,44171,44721
Mujeres,18,17227,18150,19106,20088,21108,22166,23248,24339,25424,26495,27526,28498,29445,30402,31373,32375,33410,34461,35495,36486,37254,37754,38114,38330,38372,38312,38206,38080,37999,37938,37966,38153,38423,38713,38956,39190,39563,40048,40603,41208,41788,42480,43251,43883,44379,44843
Mujeres,19,16416,17300,18223,19174,20154,21173,22230,23313,24404,25488,26533,27519,28470,29417,30371,31338,32335,33365,34409,35435,36286,36936,37478,37879,38155,38262,38173,38032,37944,37881,37888,38045,38293,38572,38816,39043,39411,39903,40418,40970,41614,42411,43244,43981,44575,45028
Mujeres,20,15754,16476,17360,18278,19226,20205,21223,22281,23363,24452,25513,26520,27486,28434,29375,30320,31279,32267,33287,34318,35226,35987,36682,37268,37731,38071,38125,37981,37887,37826,37807,37924,38153,38418,38660,38897,39257,39738,40263,40776,41382,42246,43168,43960,44651,45194
Mujeres,21,15180,15807,16528,17407,18323,19270,20247,21264,22321,23402,24472,25499,26488,27449,28388,29319,30254,31202,32177,33181,34119,34967,35774,36513,37160,37683,37949,37931,37840,37780,37743,37817,38011,38263,38501,38743,39104,39568,40084,40609,41189,42012,42984,43858,44597,45229
Mujeres,22,14576,15227,15853,16570,17447,18361,19307,20285,21302,22356,23420,24461,25472,26454,27405,28332,29251,30174,31107,32066,33003,33908,34799,35650,36448,37149,37582,37762,37800,37746,37696,37737,37890,38112,38345,38590,38944,39398,39897,40415,41016,41806,42717,43636,44452,45126
Mujeres,23,14016,14616,15266,15888,16603,17480,18394,19341,20318,21333,22373,23413,24439,25442,26413,27352,28267,29174,30082,30999,31915,32843,33788,34720,35624,36468,37068,37404,37639,37717,37666,37681,37800,37983,38195,38443,38786,39220,39709,40211,40813,41612,42469,43321,44176,44921
Mujeres,24,13495,14050,14650,15297,15918,16633,17510,18425,19371,20347,21350,22369,23395,24413,25406,26365,27291,28193,29085,29977,30874,31803,32768,33750,34730,35673,36407,36902,37292,37568,37643,37645,37735,37885,38066,38298,38629,39040,39510,40006,40596,41377,42224,43016,43800,44581
Mujeres,25,13008,13520,14075,14672,15319,15941,16657,17536,18452,19398,20364,21348,22354,23372,24380,25361,26308,27222,28110,28987,29879,30807,31767,32763,33786,34797,35626,36252,36798,37229,37498,37617,37689,37812,37968,38174,38476,38863,39311,39792,40374,41120,41928,42708,43431,44137
Mujeres,26,12544,13025,13538,14091,14690,15338,15962,16681,17561,18478,19416,20365,21337,22336,23344,24340,25310,26245,27146,28019,28913,29851,30804,31792,32822,33869,34763,35481,36153,36737,37159,37464,37649,37756,37890,38076,38340,38688,39114,39577,40139,40850,41606,42348,43058,43702
Mujeres,27,12102,12553,13036,13548,14103,14705,15355,15982,16703,17585,18494,19416,20354,21319,22309,23306,24293,25252,26175,27062,27967,28917,29874,30849,31863,32909,33839,34624,35384,36092,36665,37116,37484,37704,37828,37996,38228,38530,38919,39364,39898,40561,41268,41960,42637,43273
Mujeres,28,11708,12102,12555,13038,13553,14112,14718,15373,16003,16727,17603,18497,19408,20339,21295,22276,23264,24240,25187,26097,27027,27996,28960,29934,30929,31952,32884,33706,34527,35318,36015,36613,37123,37527,37769,37929,38135,38399,38742,39151,39655,40264,40912,41561,42195,42803
Mujeres,29,11324,11699,12096,12551,13037,13557,14121,14731,15390,16025,16743,17603,18487,19392,20315,21264,22236,23215,24181,25117,26078,27076,28054,29029,30015,31013,31925,32754,33608,34457,35238,35957,36610,37156,37584,37864,38055,38287,38592,38958,39414,39967,40552,41150,41748,42320
Mujeres,30,10919,11310,11689,12088,12547,13039,13563,14132,14748,15412,16040,16742,17591,18470,19369,20286,21227,22192,23162,24117,25109,26140,27143,28128,29110,30094,30986,31801,32656,33534,34373,35174,35943,36631,37203,37670,37975,38188,38461,38791,39191,39672,40198,40742,41298,41844
Mujeres,31,10517,10900,11295,11677,12082,12546,13043,13574,14149,14770,15429,16040,16730,17576,18449,19342,20253,21188,22145,23106,24120,25181,26213,27218,28205,29180,30065,30866,31702,32577,33447,34306,35152,35954,36670,37281,37769,38093,38346,38646,38995,39399,39853,40346,40859,41372
Mujeres,32,10135,10494,10881,11280,11668,12079,12549,13053,13590,14172,14787,15427,16027,16714,17556,18425,19313,20219,21149,22099,23119,24199,25258,26289,27292,28268,29152,29952,30768,31619,32489,33378,34277,35155,35984,36737,37365,37872,38237,38520,38826,39161,39539,39968,40438,40916
Mujeres,33,9778,10111,10475,10866,11271,11665,12082,12559,13069,13613,14189,14784,15413,16011,16696,17534,18400,19286,20188,21112,22118,23200,24276,25331,26356,27346,28238,29044,29855,30684,31533,32421,33347,34275,35177,36041,36810,37458,38006,38402,38677,38953,39265,39626,40041,40485
Mujeres,34,9439,9753,10092,10460,10857,11269,11669,12092,12577,13094,13631,14186,14770,15398,15995,16677,17514,18378,19261,20159,21136,22200,23275,24345,25393,26403,27317,28138,28951,29771,30600,31468,32388,33339,34290,35225,36105,36894,37582,38162,38538,38771,39028,39330,39684,40080
Mujeres,35,9124,9418,9737,10080,10453,10857,11274,11680,12110,12600,13110,13626,14169,14754,15382,15978,16661,17498,18362,19243,20190,21217,22273,23341,24401,25432,26373,27223,28048,28866,29689,30539,31435,32377,33348,34327,35279,36181,37010,37730,38278,38602,38821,39076,39378,39720
Mujeres,36,8826,9105,9405,9727,10074,10454,10863,11286,11698,12134,12617,13105,13610,14155,14741,15370,15967,16652,17490,18353,19277,20267,21286,22333,23390,24433,25403,26287,27137,27963,28788,29634,30507,31422,32382,33378,34374,35350,36289,37148,37826,38317,38634,38857,39118,39415
Mujeres,37,8544,8814,9097,9399,9726,10079,10463,10877,11306,11723,12151,12612,13090,13598,14145,14732,15363,15964,16651,17490,18390,19349,20331,21341,22377,23417,24406,25324,26205,27053,27889,28739,29605,30494,31423,32404,33419,34443,35452,36419,37227,37843,38335,38663,38898,39159
Mujeres,38,8274,8537,8810,9095,9401,9733,10090,10478,10897,11330,11739,12145,12598,13079,13589,14139,14729,15365,15969,16658,17528,18456,19407,20380,21379,22399,23391,24333,25246,26123,26985,27849,28715,29592,30492,31438,32439,33482,34535,35570,36479,37226,37852,38359,38704,38944
Mujeres,39,8009,8273,8538,8813,9101,9412,9747,10107,10499,10921,11345,11734,12132,12588,13073,13586,14140,14735,15374,15981,16695,17586,18507,19450,20413,21397,22375,23326,24261,25168,26063,26953,27828,28701,29587,30500,31468,32499,33569,34645,35617,36467,37231,37874,38402,38755
Mujeres,40,7735,8013,8279,8546,8823,9115,9427,9764,10127,10521,10935,11341,11723,12126,12585,13074,13591,14150,14749,15392,16018,16748,17632,18547,19482,20431,21378,22316,23258,24186,25112,26036,26935,27815,28693,29588,30525,31525,32579,33667,34676,35593,36467,37251,37919,38457
Mujeres,41,7442,7743,8023,8289,8557,8837,9130,9443,9782,10146,10532,10929,11330,11716,12122,12586,13079,13602,14166,14770,15427,16063,16787,17667,18574,19498,20413,21323,22252,23186,24136,25093,26021,26921,27803,28688,29608,30579,31597,32666,33686,34646,35592,36487,37296,37975
Mujeres,42,7170,7451,7754,8033,8301,8571,8852,9145,9459,9799,10156,10528,10921,11325,11715,12126,12594,13092,13619,14187,14800,15464,16097,16818,17692,18591,19482,20361,21260,22178,23135,24116,25075,26004,26905,27791,28703,29660,30645,31674,32674,33651,34645,35613,36533,37354
Mujeres,43,6909,7183,7465,7766,8047,8316,8586,8866,9159,9474,9806,10151,10521,10917,11325,11719,12133,12606,13108,13639,14213,14831,15493,16124,16841,17709,18575,19430,20297,21186,22129,23117,24099,25056,25982,26885,27800,28749,29715,30707,31669,32633,33648,34663,35655,36588
Mujeres,44,6657,6921,7196,7476,7778,8059,8327,8596,8876,9169,9478,9801,10145,10517,10917,11328,11725,12144,12621,13127,13662,14239,14856,15518,16147,16859,17695,18524,19366,20223,21137,22113,23100,24077,25031,25958,26891,27843,28797,29766,30692,31626,32632,33667,34705,35709
Mujeres,45,6444,6667,6931,7204,7485,7787,8067,8334,8602,8881,9168,9470,9793,10139,10514,10917,11331,11733,12155,12634,13143,13681,14259,14878,15540,16167,16846,17641,18457,19288,20172,21119,22093,23075,24048,25001,25958,26926,27879,28833,29740,30647,31625,32649,33705,34752
Mujeres,46,6235,6453,6676,6938,7211,7492,7793,8072,8338,8605,8880,9163,9465,9790,10138,10515,10919,11336,11740,12164,12645,13157,13698,14279,14900,15562,16153,16788,17571,18377,19237,20153,21097,22064,23041,24012,24995,25986,26953,27903,28799,29695,30647,31640,32683,33746
Mujeres,47,6024,6242,6460,6681,6943,7216,7495,7795,8073,8337,8601,8873,9157,9460,9786,10135,10513,10919,11337,11741,12168,12655,13171,13716,14301,14923,15546,16091,16716,17490,18324,19215,20127,21064,22026,22999,23999,25013,26001,26963,27860,28753,29695,30659,31667,32712
Mujeres,48,5814,6028,6245,6461,6682,6945,7216,7494,7792,8068,8330,8593,8866,9151,9454,9780,10129,10508,10915,11333,11741,12175,12667,13188,13738,14325,14906,15478,16013,16630,17433,18298,19185,20089,21020,21977,22978,24008,25019,26000,26914,27815,28752,29701,30676,31683
Mujeres,49,5605,5816,6030,6244,6461,6682,6943,7213,7490,7787,8061,8323,8586,8859,9142,9444,9770,10119,10497,10902,11326,11745,12185,12683,13209,13762,14305,14833,15397,15926,16572,17403,18263,19141,20039,20965,21948,22978,24002,25004,25944,26867,27810,28751,29707,30676
Mujeres,50,5396,5601,5812,6023,6238,6455,6674,6934,7204,7479,7774,8049,8312,8575,8846,9127,9428,9753,10100,10476,10890,11329,11754,12200,12703,13233,13738,14225,14746,15305,15862,16535,17361,18213,19085,19977,20927,21937,22960,23975,24941,25892,26853,27796,28740,29686
Mujeres,51,5197,5389,5593,5802,6014,6229,6444,6663,6922,7189,7463,7760,8036,8297,8558,8826,9106,9406,9727,10071,10459,10892,11336,11767,12218,12725,13204,13652,14134,14651,15237,15819,16486,17304,18149,19014,19930,20905,21909,22922,23906,24885,25870,26828,27769,28700
Mujeres,52,5011,5185,5376,5578,5787,6000,6215,6429,6647,6904,7171,7446,7743,8017,8275,8533,8799,9076,9372,9690,10050,10459,10896,11346,11782,12237,12691,13111,13555,14034,14576,15184,15761,16421,17232,18071,18959,19899,20867,21860,22845,23843,24851,25829,26781,27704
Mujeres,53,4842,4994,5167,5357,5559,5769,5981,6194,6408,6625,6882,7150,7425,7720,7990,8245,8499,8763,9038,9330,9666,10050,10463,10905,11358,11796,12195,12590,13009,13452,13954,14515,15119,15689,16344,17150,18010,18920,19851,20809,21777,22775,23795,24793,25762,26693
Mujeres,54,4691,4819,4970,5142,5332,5535,5744,5955,6168,6381,6597,6855,7123,7396,7687,7954,8206,8459,8719,8990,9303,9665,10052,10468,10912,11366,11748,12089,12483,12901,13364,13883,14441,15038,15604,16255,17080,17961,18863,19785,20721,21699,22714,23720,24705,25650
Mujeres,55,4556,4661,4789,4938,5110,5302,5504,5712,5923,6135,6347,6565,6823,7088,7358,7646,7911,8161,8410,8667,8960,9300,9664,10052,10468,10911,11310,11636,11978,12373,12810,13288,13803,14356,14949,15512,16182,17025,17898,18791,19691,20633,21622,22619,23610,24567
Mujeres,56,4437,4521,4624,4750,4902,5076,5266,5468,5676,5886,6098,6311,6529,6785,7047,7313,7598,7860,8107,8352,8633,8954,9294,9658,10045,10460,10848,11193,11520,11864,12275,12724,13199,13710,14259,14849,15430,16117,16953,17817,18689,19592,20538,21508,22488,23448
Mujeres,57,4326,4395,4478,4581,4710,4863,5036,5226,5429,5637,5847,6059,6272,6487,6740,6999,7262,7545,7803,8046,8316,8624,8943,9282,9644,10027,10389,10728,11073,11403,11760,12181,12628,13100,13608,14155,14762,15359,16040,16869,17711,18580,19481,20406,21355,22301
Mujeres,58,4215,4277,4346,4429,4535,4665,4818,4992,5183,5386,5594,5804,6016,6226,6438,6687,6943,7205,7484,7738,8005,8301,8606,8923,9258,9614,9948,10265,10604,10953,11294,11660,12079,12523,12994,13502,14063,14684,15276,15950,16756,17590,18453,19332,20235,21150
Mujeres,59,4099,4160,4221,4290,4376,4485,4616,4770,4945,5137,5339,5546,5755,5965,6173,6382,6628,6882,7139,7414,7692,7984,8277,8578,8890,9220,9531,9822,10139,10480,10838,11186,11552,11968,12412,12882,13403,13977,14593,15179,15831,16623,17447,18288,19144,20014
Mujeres,60,3973,4038,4099,4161,4234,4324,4433,4565,4721,4897,5089,5289,5495,5701,5908,6112,6319,6563,6813,7066,7362,7663,7951,8239,8535,8840,9127,9400,9693,10012,10361,10724,11072,11437,11854,12297,12779,13311,13880,14490,15053,15687,16467,17269,18088,18912
Mujeres,61,3834,3907,3972,4034,4100,4177,4268,4379,4514,4671,4846,5034,5233,5436,5640,5842,6044,6248,6488,6734,7008,7326,7623,7906,8188,8476,8743,8996,9268,9562,9888,10242,10606,10953,11318,11736,12189,12679,13206,13769,14354,14896,15518,16278,17060,17849
Mujeres,62,3684,3764,3837,3903,3970,4041,4119,4212,4326,4462,4618,4789,4975,5171,5371,5570,5770,5969,6170,6406,6670,6964,7277,7568,7845,8119,8372,8608,8860,9133,9433,9765,10120,10482,10831,11198,11624,12082,12567,13087,13625,14187,14717,15322,16064,16819
Mujeres,63,3525,3609,3689,3763,3834,3905,3978,4059,4155,4272,4406,4557,4725,4909,5101,5296,5493,5690,5886,6083,6335,6618,6907,7214,7498,7766,8009,8234,8468,8720,9000,9307,9639,9993,10357,10708,11079,11507,11961,12439,12934,13448,13997,14513,15104,15821
Mujeres,64,3364,3447,3531,3612,3691,3767,3839,3915,3999,4098,4213,4342,4489,4655,4834,5022,5215,5409,5603,5795,6008,6277,6555,6838,7137,7413,7651,7868,8091,8325,8585,8873,9180,9510,9865,10230,10582,10953,11375,11821,12275,12747,13250,13788,14293,14864
Mujeres,65,3202,3284,3367,3452,3537,3620,3698,3773,3852,3939,4036,4143,4269,4414,4576,4752,4937,5127,5318,5508,5715,5943,6207,6479,6754,7044,7292,7507,7720,7942,8184,8453,8742,9048,9379,9734,10097,10446,10811,11226,11649,12081,12544,13038,13566,14056
Mujeres,66,3038,3119,3201,3285,3373,3463,3548,3628,3707,3789,3873,3962,4066,4189,4331,4490,4662,4846,5033,5219,5422,5643,5867,6124,6388,6654,6918,7144,7356,7568,7800,8053,8321,8607,8912,9243,9594,9950,10293,10652,11044,11449,11874,12330,12817,13331
Mujeres,67,2870,2954,3035,3117,3205,3298,3389,3476,3559,3641,3719,3795,3880,3982,4103,4241,4397,4569,4748,4931,5130,5345,5561,5778,6028,6282,6524,6767,6989,7199,7422,7665,7917,8182,8467,8772,9095,9437,9786,10122,10461,10838,11238,11659,12110,12585
Mujeres,68,2695,2786,2869,2950,3036,3127,3220,3313,3403,3488,3566,3635,3707,3791,3891,4008,4145,4300,4468,4644,4837,5045,5256,5466,5675,5916,6148,6371,6610,6829,7051,7285,7526,7774,8038,8320,8616,8929,9264,9605,9923,10251,10626,11023,11440,11881
Mujeres,69,2510,2611,2700,2783,2867,2956,3048,3142,3237,3329,3410,3477,3543,3614,3696,3794,3910,4046,4198,4362,4547,4748,4951,5155,5357,5558,5778,5994,6213,6450,6681,6913,7144,7380,7625,7885,8157,8440,8746,9072,9397,9708,10037,10410,10803,11211
Mujeres,70,2316,2428,2527,2615,2700,2787,2876,2968,3064,3159,3245,3316,3380,3445,3515,3595,3691,3807,3940,4088,4260,4451,4647,4845,5041,5234,5417,5622,5834,6051,6298,6539,6767,6992,7224,7465,7713,7974,8250,8547,8858,9180,9492,9819,10189,10574
Mujeres,71,2114,2235,2343,2440,2530,2617,2704,2793,2886,2983,3072,3148,3215,3279,3342,3410,3489,3586,3699,3830,3984,4160,4347,4537,4727,4915,5091,5261,5463,5672,5899,6154,6389,6610,6831,7058,7286,7523,7775,8043,8328,8638,8962,9272,9596,9957
Mujeres,72,1913,2035,2151,2256,2353,2445,2531,2617,2707,2800,2890,2969,3042,3108,3170,3232,3300,3380,3474,3585,3720,3878,4051,4231,4414,4595,4768,4933,5100,5299,5518,5752,6000,6227,6442,6656,6870,7088,7317,7560,7817,8104,8417,8737,9044,9358
Mujeres,73,1720,1837,1953,2064,2169,2268,2357,2442,2528,2617,2704,2784,2860,2932,2996,3057,3119,3187,3266,3359,3474,3612,3766,3933,4106,4280,4447,4608,4770,4935,5141,5365,5592,5830,6051,6259,6461,6666,6875,7096,7331,7592,7881,8189,8503,8798
Mujeres,74,1538,1645,1755,1866,1977,2082,2177,2265,2350,2435,2517,2594,2672,2747,2816,2879,2939,3002,3070,3147,3242,3360,3495,3644,3803,3968,4129,4285,4443,4602,4774,4985,5201,5418,5648,5860,6058,6251,6448,6649,6862,7102,7365,7648,7947,8247
Mujeres,75,1371,1464,1564,1670,1780,1889,1991,2084,2170,2253,2332,2406,2482,2557,2630,2697,2760,2821,2883,2949,3029,3127,3242,3371,3513,3665,3816,3966,4118,4273,4438,4615,4818,5023,5232,5453,5655,5844,6029,6218,6412,6630,6870,7125,7398,7681
Mujeres,76,1222,1300,1386,1482,1586,1694,1798,1896,1987,2071,2148,2219,2291,2365,2438,2508,2574,2637,2698,2758,2826,2908,3004,3114,3237,3372,3511,3652,3798,3947,4107,4275,4445,4637,4835,5035,5246,5439,5620,5797,5979,6177,6394,6624,6867,7122
Mujeres,77,1089,1153,1225,1307,1400,1502,1604,1704,1799,1887,1965,2035,2105,2176,2246,2316,2385,2451,2513,2572,2634,2704,2784,2875,2980,3096,3219,3347,3483,3625,3778,3941,4102,4261,4445,4633,4824,5027,5212,5385,5554,5737,5934,6140,6358,6583
Mujeres,78,970,1023,1082,1149,1229,1320,1416,1513,1610,1701,1783,1855,1924,1991,2058,2124,2192,2261,2325,2384,2444,2507,2576,2653,2740,2839,2944,3056,3179,3312,3458,3613,3767,3917,4069,4243,4423,4607,4801,4977,5140,5310,5489,5674,5866,6065
Mujeres,79,862,906,954,1009,1075,1153,1238,1329,1422,1514,1599,1675,1745,1811,1874,1937,2001,2068,2133,2194,2253,2314,2378,2444,2517,2600,2687,2781,2889,3009,3144,3291,3437,3581,3724,3867,4034,4209,4384,4567,4732,4893,5057,5224,5393,5566
Mujeres,80+,4665,4945,5220,5507,5830,6205,6603,7051,7544,8087,8652,9233,9841,10451,11043,11614,12174,12744,13303,13846,14480,15219,15977,16732,17476,18214,18819,19335,19913,20567,21368,22303,23281,24274,25311,26376,27498,28696,29925,31179,32418,33660,34910,36139,37332,38445
