Sexo,Edad,1970,1971,1972,1973,1974,1975,1976,1977,1978,1979,1980,1981,1982,1983,1984,1985,1986,1987,1988,1989,1990,1991,1992,1993,1994,1995,1996,1997,1998,1999,2000,2001,2002,2003,2004,2005,2006,2007,2008,2009,2010,2011,2012,2013,2014,2015,2016,,,,,,,,,,,,,,,,,,,,
Hombres,0,33767,34516,35286,35958,36511,36930,37225,37287,37342,37429,37549,37502,37289,37092,36874,36649,36405,36151,35893,35639,35308,36429,37579,38648,39675,40594,41377,41432,41521,41587,41686,42054,42444,42824,43288,43774,44174,44187,44305,44419,44592,44735,45094,45392,45660,45905,46037,,,,,,,,,,,,,,,,,,,,
Hombres,1,32171,33059,33941,34804,35572,36220,36737,37130,37292,37472,37686,37689,37484,37311,37123,36909,36679,36426,36158,35893,35597,36514,37482,38515,39473,40319,41116,41218,41291,41344,41442,41828,42265,42751,43257,43856,44489,44487,44503,44492,44604,44725,45040,45342,45655,45899,46166,,,,,,,,,,,,,,,,,,,,
Hombres,2,31217,32151,33116,34054,34979,35814,36534,37122,37582,37821,38070,38083,37853,37653,37463,37260,37029,36784,36517,36240,35966,36784,37513,38364,39289,40077,40811,41058,41168,41187,41266,41686,42108,42600,43165,43758,44463,44616,44662,44611,44638,44782,45087,45351,45661,45946,46209,,,,,,,,,,,,,,,,,,,,
Hombres,3,30335,31279,32284,33291,34276,35251,36140,36915,37554,38072,38362,38379,38138,37919,37712,37519,37312,37078,36831,36565,36290,37004,37643,38257,39005,39775,40460,40764,41012,41061,41099,41527,41966,42415,42956,43573,44240,44445,44669,44692,44699,44784,45121,45384,45657,45945,46252,,,,,,,,,,,,,,,,,,,,
Hombres,4,29483,30421,31426,32464,33508,34533,35552,36486,37303,37989,38550,38590,38345,38119,37905,37706,37520,37321,37096,36860,36605,37189,37735,38265,38779,39385,40058,40423,40722,40902,40961,41374,41809,42252,42730,43292,43958,44141,44427,44659,44748,44810,45096,45399,45682,45940,46250,,,,,,,,,,,,,,,,,,,,
Hombres,5,28648,29584,30573,31605,32673,33751,34813,35870,36840,37697,38419,38723,38498,38274,38064,37866,37682,37514,37333,37126,36908,37382,37811,38255,38690,39074,39589,40035,40389,40617,40800,41253,41664,42088,42540,43017,43607,43828,44096,44409,44709,44836,45111,45374,45700,45974,46257,,,,,,,,,,,,,,,,,,,,
Hombres,6,27821,28763,29744,30755,31813,32910,34021,35115,36203,37208,38095,38560,38603,38403,38201,38015,37839,37681,37538,37381,37197,37581,37913,38246,38599,38918,39218,39582,40013,40295,40522,41113,41559,41947,42365,42798,43286,43483,43785,44092,44470,44785,45138,45400,45689,46014,46315,,,,,,,,,,,,,,,,,,,,
Hombres,7,26998,27945,28926,29927,30961,32044,33169,34308,35431,36550,37582,38219,38432,38502,38331,38159,38001,37858,37731,37617,37489,37783,38037,38280,38527,38778,39019,39233,39580,39940,40217,40858,41438,41852,42221,42604,43035,43189,43462,43812,44180,44549,45104,45452,45743,46035,46388,,,,,,,,,,,,,,,,,,,,
Hombres,8,26164,27129,28112,29111,30132,31187,32296,33446,34612,35761,36904,37697,38094,38337,38441,38305,38167,38046,37940,37846,37766,37996,38174,38346,38510,38667,38848,39057,39251,39529,39880,40572,41200,41742,42126,42449,42820,42981,43205,43532,43938,44273,44895,45453,45832,46129,46450,,,,,,,,,,,,,,,,,,,,
Hombres,9,25304,26295,27292,28290,29307,30347,31425,32555,33729,34918,36088,37008,37578,38010,38291,38435,38338,38243,38164,38096,38042,38207,38335,38441,38543,38631,38727,38917,39104,39229,39495,40255,40933,41516,42021,42349,42650,42818,43044,43326,43702,44056,44656,45286,45877,46267,46593,,,,,,,,,,,,,,,,,,,,
Hombres,10,24406,25427,26447,27458,28471,29504,30563,31661,32811,34006,35213,36178,36897,37507,37982,38308,38497,38448,38400,38366,38343,38430,38511,38579,38625,38667,38705,38841,39006,39124,39235,39897,40640,41267,41805,42245,42543,42712,42939,43222,43545,43852,44484,45097,45763,46370,46791,,,,,,,,,,,,,,,,,,,,
Hombres,11,23483,24533,25581,26614,27638,28666,29717,30793,31908,33077,34288,35311,36100,36861,37516,38039,38414,38655,38657,38657,38672,38695,38716,38749,38771,38773,38778,38870,38979,39077,39178,39670,40314,41005,41583,42053,42459,42694,42910,43184,43496,43739,44338,44985,45635,46321,46964,,,,,,,,,,,,,,,,,,,,
Hombres,12,22555,23625,24702,25761,26807,27845,28890,29958,31050,32181,33365,34413,35284,36116,36924,37628,38200,38629,38922,38973,39023,39000,38973,38960,38958,38952,38931,38992,39058,39103,39185,39653,40129,40722,41366,41876,42312,42715,42979,43221,43508,43739,44290,44905,45591,46261,46985,,,,,,,,,,,,,,,,,,,,
Hombres,13,21634,22710,23805,24892,25964,27022,28077,29137,30219,31326,32469,33511,34429,35341,36218,37074,37826,38452,38932,39275,39375,39315,39255,39205,39166,39152,39136,39163,39203,39208,39242,39682,40145,40573,41121,41700,42182,42661,43079,43347,43586,43809,44364,44925,45580,46285,46993,,,,,,,,,,,,,,,,,,,,
Hombres,14,20720,21778,22875,23978,25074,26155,27228,28295,29367,30461,31575,32594,33522,34477,35428,36347,37246,38048,38721,39247,39637,39565,39476,39400,39330,39296,39285,39302,39320,39300,39312,39707,40166,40587,40973,41451,42012,42576,43065,43484,43737,43946,44507,45065,45665,46330,47072,,,,,,,,,,,,,,,,,,,,
Hombres,15,19803,20825,21898,22996,24101,25201,26291,27371,28445,29522,30615,31619,32539,33496,34480,35464,36417,37358,38200,38912,39476,39644,39553,39448,39346,39302,39279,39283,39307,39264,39274,39655,40117,40541,40924,41226,41702,42385,42970,43488,43885,44160,44718,45269,45862,46459,47156,,,,,,,,,,,,,,,,,,,,
Hombres,16,18848,19863,20893,21960,23053,24155,25257,26349,27431,28504,29573,30569,31486,32424,33400,34406,35414,36399,37370,38240,38979,39284,39451,39338,39194,39141,39109,39078,39098,39066,39066,39434,39947,40384,40772,41051,41369,42005,42730,43393,43888,44369,45000,45530,46111,46685,47307,,,,,,,,,,,,,,,,,,,,
Hombres,17,17963,18879,19896,20916,21973,23059,24159,25259,26348,27424,28483,29469,30392,31319,32268,33257,34278,35309,36316,37306,38194,38650,38982,39119,38952,38877,38830,38765,38747,38728,38729,39039,39607,40106,40505,40769,41079,41589,42290,43144,43786,44429,45269,45852,46407,46952,47541,,,,,,,,,,,,,,,,,,,,
Hombres,18,17073,17989,18905,19910,20918,21966,23048,24144,25240,26320,27378,28369,29297,30225,31158,32116,33115,34154,35201,36220,37221,37817,38328,38628,38703,38612,38532,38433,38370,38339,38326,38564,39128,39691,40151,40410,40713,41230,41821,42685,43520,44375,45372,46149,46751,47252,47802,,,,,,,,,,,,,,,,,,,,
Hombres,19,16230,17108,18023,18927,19921,20921,21966,23043,24134,25219,26280,27285,28235,29166,30098,31038,32004,33018,34071,35128,36156,36868,37538,38021,38263,38409,38306,38163,38052,38002,37948,38088,38609,39176,39702,40018,40320,40821,41428,42195,43043,44149,45346,46263,47054,47588,48083,,,,,,,,,,,,,,,,,,,,
Hombres,20,15694,16277,17155,18059,18953,19941,20939,21981,23054,24134,25199,26223,27203,28154,29090,30028,30975,31955,32981,34043,35109,35860,36654,37305,37743,38045,38174,38006,37842,37765,37670,37690,38120,38651,39186,39576,39934,40403,40997,41779,42530,43695,45126,46229,47157,47870,48388,,,,,,,,,,,,,,,,,,,,
Hombres,21,15099,15753,16336,17204,18100,18990,19977,20973,22010,23072,24133,25176,26190,27171,28127,29068,30013,30974,31964,32999,34069,34874,35709,36494,37116,37601,37886,37954,37762,37647,37514,37427,37727,38173,38678,39095,39525,40003,40565,41321,42091,43194,44655,45981,47091,47932,48621,,,,,,,,,,,,,,,,,,,,
Hombres,22,14553,15162,15816,16389,17251,18144,19034,20019,21011,22037,23080,24132,25178,26192,27178,28140,29086,30044,31014,32013,33056,33885,34768,35602,36374,37031,37502,37738,37782,37648,37473,37297,37469,37790,38219,38630,39086,39580,40150,40858,41608,42753,44118,45462,46792,47810,48618,,,,,,,,,,,,,,,,,,,,
Hombres,23,14050,14612,15221,15867,16434,17293,18188,19076,20058,21039,22048,23093,24159,25205,26224,27215,28180,29138,30104,31081,32086,32910,33810,34699,35531,36328,36975,37411,37627,37733,37543,37287,37344,37541,37854,38212,38662,39125,39712,40412,41121,42255,43626,44861,46203,47437,48414,,,,,,,,,,,,,,,,,,,,
Hombres,24,13580,14101,14663,15265,15905,16470,17331,18224,19108,20079,21043,22063,23132,24198,25247,26270,27263,28238,29202,30172,31155,31962,32848,33759,34656,35506,36297,36925,37347,37626,37681,37381,37331,37417,37616,37881,38280,38685,39241,39942,40651,41738,43059,44294,45520,46761,47948,,,,,,,,,,,,,,,,,,,,
Hombres,25,13139,13616,14138,14693,15291,15930,16496,17356,18245,19119,20075,21058,22109,23176,24243,25295,26318,27318,28297,29263,30237,31043,31906,32805,33728,34637,35485,36271,36889,37372,37606,37531,37413,37395,37491,37663,37970,38281,38781,39439,40161,41228,42462,43643,44864,45986,47174,,,,,,,,,,,,,,,,,,,,
Hombres,26,12698,13160,13638,14154,14705,15302,15943,16508,17363,18244,19104,20085,21103,22151,23218,24286,25336,26364,27367,28345,29313,30133,30986,31863,32777,33708,34616,35471,36252,36927,37371,37464,37547,37462,37463,37550,37766,37952,38358,38951,39640,40685,41863,42955,44121,45239,46303,,,,,,,,,,,,,,,,,,,,
Hombres,27,12283,12698,13162,13635,14150,14701,15300,15941,16503,17352,18221,19110,20128,21142,22188,23254,24318,25371,26399,27398,28376,29212,30072,30939,31832,32750,33680,34607,35459,36290,36932,37229,37459,37578,37519,37525,37659,37728,38011,38502,39133,40100,41223,42263,43340,44406,45467,,,,,,,,,,,,,,,,,,,,
Hombres,28,11921,12265,12683,13143,13615,14131,14686,15285,15924,16481,17320,18220,19147,20159,21171,22214,23276,24341,25392,26415,27412,28279,29147,30019,30901,31793,32710,33668,34592,35488,36291,36787,37202,37469,37619,37578,37633,37603,37770,38130,38666,39523,40540,41532,42559,43544,44557,,,,,,,,,,,,,,,,,,,,
Hombres,29,11512,11886,12233,12650,13110,13585,14105,14662,15261,15897,16447,17317,18252,19173,20182,21189,22226,23286,24348,25391,26410,27315,28208,29086,29971,30851,31740,32692,33647,34609,35479,36141,36738,37190,37492,37670,37679,37563,37630,37867,38277,38984,39868,40763,41748,42694,43632,,,,,,,,,,,,,,,,,,,,
Hombres,30,11086,11461,11841,12188,12606,13070,13551,14074,14632,15230,15861,16441,17345,18273,19189,20193,21193,22227,23282,24334,25372,26317,27241,28142,29031,29910,30785,31715,32665,33653,34592,35329,36076,36709,37198,37534,37764,37599,37578,37709,37999,38524,39241,40016,40911,41827,42733,,,,,,,,,,,,,,,,,,,,
Hombres,31,10667,11024,11405,11786,12136,12559,13031,13515,14041,14601,15196,15855,16464,17360,18284,19194,20190,21186,22214,23259,24305,25284,26242,27172,28079,28959,29831,30753,31681,32658,33625,34441,35251,36032,36702,37230,37617,37678,37606,37643,37829,38181,38706,39327,40109,40947,41833,,,,,,,,,,,,,,,,,,,,
Hombres,32,10271,10598,10961,11345,11729,12086,12518,12996,13485,14014,14572,15192,15876,16478,17368,18285,19187,20178,21167,22185,23222,24222,25210,26170,27104,28001,28872,29798,30717,31667,32624,33478,34355,35196,36013,36723,37300,37529,37680,37661,37753,37951,38300,38742,39378,40116,40934,,,,,,,,,,,,,,,,,,,,
Hombres,33,9891,10197,10532,10898,11287,11679,12046,12484,12967,13461,13992,14570,15210,15885,16482,17366,18275,19173,20157,21135,22145,23147,24152,25139,26102,27022,27909,28839,29760,30696,31627,32482,33387,34292,35168,36026,36783,37218,37532,37730,37766,37825,38020,38297,38762,39365,40092,,,,,,,,,,,,,,,,,,,,
Hombres,34,9526,9814,10129,10468,10841,11238,11641,12015,12461,12950,13447,13992,14585,15217,15888,16479,17356,18261,19151,20126,21097,22080,23083,24085,25072,26019,26928,27878,28801,29734,30650,31493,32390,33320,34257,35173,36075,36707,37223,37580,37832,37793,37854,37989,38296,38737,39337,,,,,,,,,,,,,,,,,,,,
Hombres,35,9187,9452,9750,10070,10416,10798,11206,11617,11999,12451,12944,13451,14005,14591,15219,15884,16468,17341,18240,19122,20089,21039,22021,23020,24019,24990,25924,26899,27839,28770,29683,30524,31402,32322,33282,34258,35214,36011,36718,37271,37679,37820,37791,37802,37973,38266,38711,,,,,,,,,,,,,,,,,,,,
Hombres,36,8866,9118,9393,9695,10022,10377,10770,11187,11606,11995,12452,12950,13460,14008,14590,15215,15874,16456,17325,18216,19092,20041,20987,21963,22958,23940,24896,25897,26861,27805,28715,29568,30437,31334,32280,33276,34287,35158,36024,36763,37364,37631,37792,37723,37774,37939,38241,,,,,,,,,,,,,,,,,,,,
Hombres,37,8555,8802,9064,9344,9654,9990,10356,10757,11181,11608,12002,12460,12956,13461,14007,14587,15206,15865,16444,17306,18194,19052,19996,20935,21905,22881,23848,24871,25860,26823,27746,28611,29486,30371,31290,32270,33297,34242,35175,36068,36852,37286,37585,37714,37689,37740,37917,,,,,,,,,,,,,,,,,,,,
Hombres,38,8257,8500,8756,9023,9310,9628,9974,10348,10757,11188,11619,12009,12460,12953,13457,14002,14579,15199,15856,16430,17291,18159,19011,19947,20879,21831,22791,23824,24834,25819,26761,27653,28534,29422,30327,31276,32283,33261,34263,35217,36150,36748,37228,37501,37675,37654,37721,,,,,,,,,,,,,,,,,,,,
Hombres,39,7952,8211,8462,8722,8995,9290,9617,9970,10350,10765,11199,11622,12003,12453,12947,13452,13996,14575,15195,15851,16426,17262,18123,18967,19895,20809,21744,22769,23787,24791,25754,26679,27582,28473,29376,30307,31279,32254,33282,34299,35289,36024,36681,37139,37458,37640,37636,,,,,,,,,,,,,,,,,,,,
Hombres,40,7628,7914,8181,8436,8701,8980,9283,9616,9974,10359,10776,11200,11613,11995,12447,12942,13448,13995,14576,15196,15855,16399,17228,18080,18916,19826,20723,21721,22731,23742,24724,25682,26614,27523,28426,29351,30300,31257,32275,33315,34363,35146,35951,36589,37092,37421,37621,,,,,,,,,,,,,,,,,,,,
Hombres,41,7281,7599,7891,8160,8419,8689,8976,9282,9619,9981,10367,10772,11187,11602,11987,12442,12940,13450,14002,14585,15210,15829,16367,17188,18032,18851,19745,20702,21683,22683,23671,24659,25620,26555,27472,28393,29332,30280,31274,32299,33365,34203,35067,35856,36537,37050,37396,,,,,,,,,,,,,,,,,,,,
Hombres,42,7003,7258,7581,7874,8146,8409,8685,8975,9285,9624,9985,10360,10757,11174,11593,11983,12442,12946,13462,14016,14605,15184,15797,16328,17142,17969,18774,19722,20661,21630,22607,23611,24598,25560,26500,27432,28363,29316,30295,31291,32337,33192,34119,34969,35797,36487,37016,,,,,,,,,,,,,,,,,,,,
Hombres,43,6675,6985,7245,7567,7862,8137,8405,8683,8974,9284,9622,9973,10341,10742,11165,11590,11984,12450,12961,13481,14043,14577,15150,15756,16282,17081,17895,18747,19677,20603,21548,22549,23550,24535,25499,26451,27390,28346,29324,30301,31312,32150,33102,34015,34901,35736,36439,,,,,,,,,,,,,,,,,,,,
Hombres,44,6420,6660,6973,7232,7555,7852,8130,8399,8677,8968,9275,9605,9952,10325,10732,11161,11591,11994,12467,12983,13512,14010,14540,15106,15709,16222,17009,17862,18696,19611,20513,21492,22489,23485,24470,25443,26398,27372,28348,29319,30307,31116,32056,32994,33939,34829,35674,,,,,,,,,,,,,,,,,,,,
Hombres,45,6178,6409,6651,6962,7221,7545,7844,8122,8389,8667,8954,9256,9585,9938,10317,10731,11165,11604,12014,12493,13017,13475,13970,14495,15059,15650,16154,16971,17805,18623,19514,20457,21429,22419,23413,24404,25378,26376,27365,28331,29308,30101,31016,31942,32907,33854,34749,,,,,,,,,,,,,,,,,,,,
Hombres,46,5937,6167,6399,6639,6949,7208,7534,7831,8107,8373,8645,8930,9236,9570,9929,10315,10734,11178,11624,12039,12527,12974,13429,13921,14445,15000,15584,16108,16907,17726,18522,19460,20394,21358,22343,23340,24329,25352,26360,27335,28303,29095,29997,30895,31844,32807,33755,,,,,,,,,,,,,,,,,,,,
Hombres,47,5700,5925,6156,6385,6624,6934,7194,7517,7812,8086,8346,8619,8912,9222,9563,9929,10320,10747,11197,11648,12071,12477,12924,13377,13870,14386,14936,15529,16037,16821,17619,18466,19394,20318,21275,22261,23252,24296,25325,26316,27290,28084,28984,29868,30785,31729,32689,,,,,,,,,,,,,,,,,,,,
Hombres,48,5466,5687,5913,6141,6368,6606,6916,7173,7493,7786,8053,8318,8602,8898,9215,9562,9932,10330,10763,11217,11675,12015,12421,12867,13323,13810,14323,14871,15449,15946,16711,17562,18397,19313,20229,21184,22162,23212,24258,25268,26256,27068,27968,28848,29746,30656,31592,,,,,,,,,,,,,,,,,,,,
Hombres,49,5236,5451,5672,5895,6121,6347,6584,6890,7144,7461,7747,8022,8300,8588,8890,9211,9561,9938,10341,10777,11237,11611,11952,12360,12809,13262,13747,14249,14784,15351,15832,16649,17487,18310,19216,20128,21074,22114,23164,24189,25193,26031,26945,27825,28716,29603,30501,,,,,,,,,,,,,,,,,,,,
Hombres,50,5016,5220,5434,5652,5871,6095,6320,6554,6856,7106,7416,7711,8003,8284,8577,8883,9207,9562,9943,10348,10788,11166,11543,11887,12300,12747,13200,13665,14155,14680,15233,15765,16568,17393,18205,19107,20008,21018,22055,23084,24100,24967,25902,26795,27681,28559,29432,,,,,,,,,,,,,,,,,,,,
Hombres,51,4810,4996,5198,5409,5623,5841,6064,6285,6515,6814,7057,7379,7693,7986,8271,8567,8873,9202,9560,9940,10348,10711,11093,11473,11823,12235,12685,13107,13562,14044,14558,15157,15677,16467,17280,18087,18976,19944,20949,21964,22982,23874,24833,25746,26642,27513,28374,,,,,,,,,,,,,,,,,,,,
Hombres,52,4621,4785,4969,5168,5376,5588,5805,6024,6241,6468,6759,7017,7358,7673,7969,8255,8550,8860,9190,9546,9928,10264,10632,11019,11406,11757,12172,12582,12997,13445,13918,14474,15061,15569,16347,17155,17948,18904,19865,20847,21850,22755,23733,24669,25583,26462,27313,,,,,,,,,,,,,,,,,,,,
Hombres,53,4454,4593,4755,4936,5132,5337,5548,5760,5975,6189,6409,6714,6993,7334,7650,7947,8232,8529,8839,9165,9521,9840,10181,10554,10947,11335,11690,12059,12463,12873,13315,13824,14368,14943,15441,16213,17008,17868,18816,19753,20721,21623,22608,23563,24496,25391,26249,,,,,,,,,,,,,,,,,,,,
Hombres,54,4305,4420,4557,4716,4894,5087,5291,5498,5706,5918,6125,6361,6688,6965,7306,7622,7916,8202,8498,8803,9128,9430,9753,10099,10477,10872,11263,11566,11931,12333,12739,13210,13708,14240,14805,15300,16060,16919,17770,18694,19616,20496,21470,22431,23381,24294,25166,,,,,,,,,,,,,,,,,,,,
Hombres,55,4174,4264,4378,4512,4668,4844,5035,5235,5438,5643,5848,6072,6329,6654,6931,7271,7583,7877,8161,8452,8755,9034,9340,9667,10019,10398,10794,11130,11432,11796,12197,12625,13086,13573,14096,14658,15143,15964,16813,17641,18549,19394,20338,21288,22242,23169,24057,,,,,,,,,,,,,,,,,,,,
Hombres,56,4057,4127,4216,4327,4458,4613,4787,4975,5171,5371,5571,5792,6037,6291,6615,6890,7225,7536,7827,8104,8392,8658,8940,9250,9582,9934,10315,10654,10990,11293,11658,12072,12491,12942,13422,13943,14495,15040,15850,16676,17489,18329,19230,20150,21091,22021,22922,,,,,,,,,,,,,,,,,,,,
Hombres,57,3945,4003,4072,4159,4267,4398,4551,4722,4907,5101,5295,5511,5752,5994,6247,6568,6838,7171,7479,7762,8036,8294,8562,8848,9160,9491,9843,10168,10507,10845,11150,11521,11928,12339,12785,13264,13777,14384,14920,15708,16518,17271,18159,19037,19946,20862,21763,,,,,,,,,,,,,,,,,,,,
Hombres,58,3831,3884,3942,4010,4095,4202,4333,4483,4651,4833,5022,5232,5465,5704,5944,6194,6509,6777,7106,7406,7684,7936,8195,8465,8753,9063,9393,9691,10017,10358,10698,11004,11370,11770,12177,12623,13096,13658,14255,14771,15543,16300,17096,17961,18827,19711,20597,,,,,,,,,,,,,,,,,,,,
Hombres,59,3711,3764,3817,3873,3940,4025,4133,4261,4409,4575,4754,4956,5183,5413,5649,5886,6130,6443,6706,7025,7319,7582,7833,8093,8363,8648,8956,9236,9535,9863,10208,10542,10844,11205,11601,12010,12452,12968,13520,14097,14601,15326,16119,16892,17744,18585,19439,,,,,,,,,,,,,,,,,,,,
Hombres,60,3580,3638,3691,3743,3799,3866,3952,4058,4184,4332,4495,4686,4903,5126,5354,5587,5818,6060,6366,6621,6934,7216,7478,7728,7987,8254,8535,8797,9078,9379,9709,10043,10375,10674,11033,11433,11839,12316,12822,13355,13918,14383,15137,15908,16669,17496,18307,,,,,,,,,,,,,,,,,,,,
Hombres,61,3438,3502,3560,3612,3664,3722,3791,3876,3981,4107,4252,4426,4629,4843,5063,5288,5513,5742,5979,6275,6523,6829,7109,7368,7617,7871,8133,8372,8635,8917,9220,9537,9870,10199,10498,10862,11261,11694,12162,12649,13169,13696,14188,14921,15679,16415,17213,,,,,,,,,,,,,,,,,,,,
Hombres,62,3288,3356,3420,3477,3530,3583,3643,3711,3796,3902,4027,4180,4365,4565,4776,4992,5209,5433,5656,5883,6173,6418,6719,6995,7252,7495,7743,7968,8207,8470,8752,9043,9360,9690,10019,10325,10689,11105,11530,11979,12454,12941,13489,13964,14685,15418,16126,,,,,,,,,,,,,,,,,,,,
Hombres,63,3133,3201,3269,3333,3391,3445,3502,3561,3630,3717,3822,3954,4116,4297,4494,4700,4909,5124,5341,5554,5775,6063,6304,6600,6872,7121,7357,7572,7797,8035,8298,8571,8862,9177,9507,9843,10150,10523,10930,11338,11775,12220,12725,13256,13722,14418,15124,,,,,,,,,,,,,,,,,,,,
Hombres,64,2978,3044,3111,3180,3244,3303,3361,3418,3478,3550,3636,3747,3885,4043,4221,4414,4613,4820,5028,5235,5442,5664,5946,6182,6472,6736,6977,7184,7398,7621,7859,8114,8387,8677,8992,9328,9663,9972,10337,10728,11124,11534,11994,12483,13004,13451,14120,,,,,,,,,,,,,,,,,,,,
Hombres,65,2821,2885,2951,3019,3088,3154,3217,3275,3333,3397,3468,3558,3673,3807,3963,4137,4322,4518,4718,4916,5117,5327,5544,5819,6050,6331,6585,6801,7005,7216,7437,7672,7928,8200,8489,8810,9146,9475,9776,10126,10505,10876,11298,11744,12223,12724,13148,,,,,,,,,,,,,,,,,,,,
Hombres,66,2662,2727,2792,2858,2926,2997,3066,3129,3189,3250,3314,3387,3479,3591,3723,3875,4041,4224,4413,4603,4795,4999,5203,5414,5682,5904,6175,6406,6618,6819,7028,7250,7485,7739,8009,8304,8623,8946,9267,9555,9894,10249,10630,11040,11475,11935,12413,,,,,,,,,,,,,,,,,,,,
Hombres,67,2500,2568,2632,2697,2763,2834,2907,2976,3040,3102,3164,3227,3301,3391,3501,3630,3775,3938,4114,4294,4478,4674,4872,5070,5275,5533,5746,5995,6221,6427,6625,6839,7061,7294,7546,7821,8113,8415,8729,9036,9314,9630,9994,10364,10765,11183,11621,,,,,,,,,,,,,,,,,,,,
Hombres,68,2329,2406,2474,2538,2603,2671,2744,2817,2887,2954,3017,3075,3138,3209,3298,3404,3527,3669,3826,3992,4166,4353,4544,4736,4928,5125,5372,5566,5809,6028,6231,6439,6651,6869,7099,7355,7626,7897,8190,8491,8787,9043,9367,9721,10083,10467,10864,,,,,,,,,,,,,,,,,,,,
Hombres,69,2151,2238,2313,2381,2445,2511,2581,2653,2726,2799,2865,2923,2980,3040,3112,3197,3298,3419,3556,3704,3864,4042,4223,4407,4593,4775,4962,5192,5381,5616,5832,6046,6251,6459,6673,6905,7155,7403,7667,7946,8236,8509,8774,9089,9435,9782,10146,,,,,,,,,,,,,,,,,,,,
Hombres,70,1965,2062,2147,2221,2288,2353,2421,2491,2563,2638,2709,2770,2824,2879,2939,3008,3088,3188,3303,3431,3574,3738,3909,4084,4261,4438,4612,4784,5007,5189,5419,5647,5858,6056,6259,6474,6699,6926,7167,7418,7686,7952,8233,8491,8798,9129,9457,,,,,,,,,,,,,,,,,,,,
Hombres,71,1780,1881,1975,2058,2130,2197,2264,2330,2399,2472,2545,2609,2664,2717,2772,2831,2895,2975,3070,3178,3302,3448,3606,3771,3940,4108,4275,4436,4603,4817,4995,5238,5460,5663,5855,6057,6264,6468,6687,6915,7155,7399,7672,7945,8197,8490,8802,,,,,,,,,,,,,,,,,,,,
Hombres,72,1599,1699,1796,1886,1967,2039,2107,2171,2236,2306,2377,2441,2499,2554,2607,2661,2716,2780,2857,2946,3050,3176,3317,3468,3626,3785,3943,4099,4254,4414,4622,4815,5050,5263,5458,5649,5842,6029,6225,6432,6649,6865,7117,7381,7647,7886,8160,,,,,,,,,,,,,,,,,,,,
Hombres,73,1428,1522,1617,1710,1797,1876,1948,2013,2076,2142,2209,2271,2329,2386,2441,2494,2543,2599,2661,2731,2817,2923,3044,3179,3324,3473,3623,3770,3920,4068,4224,4445,4631,4855,5057,5249,5430,5606,5785,5969,6166,6359,6581,6824,7080,7331,7553,,,,,,,,,,,,,,,,,,,,
Hombres,74,1272,1355,1443,1533,1623,1707,1785,1854,1917,1980,2042,2100,2156,2214,2271,2325,2374,2425,2478,2535,2604,2691,2792,2908,3036,3172,3312,3452,3593,3737,3881,4051,4262,4438,4650,4848,5028,5194,5362,5530,5703,5875,6074,6288,6522,6762,6994,,,,,,,,,,,,,,,,,,,,
Hombres,75,1133,1202,1280,1363,1450,1536,1618,1692,1758,1820,1879,1933,1986,2041,2099,2155,2205,2255,2305,2353,2409,2478,2561,2657,2767,2887,3014,3144,3278,3413,3552,3709,3871,4070,4235,4440,4626,4794,4951,5107,5264,5413,5590,5781,5985,6204,6424,,,,,,,,,,,,,,,,,,,,
Hombres,76,1007,1064,1129,1202,1281,1364,1447,1525,1595,1659,1718,1769,1819,1871,1926,1983,2035,2086,2135,2180,2228,2282,2347,2426,2517,2619,2730,2849,2974,3102,3233,3383,3532,3682,3868,4028,4219,4394,4553,4699,4843,4975,5129,5298,5479,5669,5867,,,,,,,,,,,,,,,,,,,,
Hombres,77,898,944,996,1057,1126,1201,1280,1358,1431,1499,1559,1609,1657,1706,1758,1813,1865,1919,1968,2012,2057,2102,2154,2215,2289,2374,2468,2572,2685,2804,2927,3067,3208,3346,3485,3664,3811,3994,4159,4305,4438,4558,4694,4840,4999,5165,5335,,,,,,,,,,,,,,,,,,,,
Hombres,78,801,837,879,928,985,1050,1121,1194,1267,1337,1399,1452,1500,1547,1597,1648,1698,1752,1803,1848,1891,1931,1974,2023,2080,2149,2226,2314,2413,2520,2634,2765,2896,3026,3153,3287,3451,3594,3765,3916,4049,4158,4280,4408,4544,4688,4835,,,,,,,,,,,,,,,,,,,,
Hombres,79,713,743,776,815,860,913,974,1040,1108,1177,1241,1297,1348,1394,1442,1490,1536,1587,1639,1685,1729,1766,1805,1845,1890,1944,2006,2078,2161,2254,2357,2477,2599,2719,2838,2960,3082,3242,3374,3530,3666,3774,3884,3998,4117,4239,4365,,,,,,,,,,,,,,,,,,,,
Hombres,80+,30791,32698,34975,37261,40442,43627,46948,50516,54111,57991,62181,66523,71414,76317,81149,86539,91869,97170,102781,107774,112790,118626,124401,130346,136566,143426,151194,159557,168746,179111,189894,200717,212006,223431,235093,246591,257272,268413,279331,289229,299186,309267,319428,329433,339420,349309,359024,369970,382047,395269,410495,428469,447725,467149,486879,508420,529863,552719,576284,598952,621349,642936,665705,689031,712321,734616,755267
Mujeres,0,32436,33166,33883,34523,35048,35447,35727,35783,35832,35910,36018,35989,35824,35675,35504,35327,35134,34932,34728,34528,34268,35314,36387,37370,38308,39161,39886,39920,39950,39956,40023,40465,40872,41271,41722,42206,42617,42621,42729,42898,43029,43225,43663,44008,44395,44720,44919,,,,,,,,,,,,,,,,,,,,
Mujeres,1,30911,31771,32625,33433,34166,34786,35280,35656,35812,35983,36182,36207,36059,35942,35809,35651,35479,35287,35085,34885,34661,35498,36395,37311,38124,38872,39586,39681,39692,39646,39684,40190,40709,41223,41714,42277,42902,42886,42888,42975,43085,43233,43643,43987,44410,44778,45099,,,,,,,,,,,,,,,,,,,,
Mujeres,2,29937,30844,31782,32695,33567,34370,35063,35631,36078,36314,36557,36603,36446,36315,36195,36058,35894,35719,35523,35322,35124,35833,36497,37247,37998,38643,39260,39496,39565,39502,39468,39951,40502,41087,41651,42202,42868,42988,43013,43022,43099,43294,43651,43994,44374,44766,45119,,,,,,,,,,,,,,,,,,,,
Mujeres,3,29059,29982,30960,31944,32908,33833,34693,35443,36067,36576,36867,36928,36773,36637,36511,36396,36264,36105,35935,35749,35557,36139,36683,37209,37800,38401,38921,39196,39403,39406,39337,39754,40260,40850,41460,42048,42672,42810,42995,43048,43073,43258,43664,43973,44334,44685,45062,,,,,,,,,,,,,,,,,,,,
Mujeres,4,28232,29153,30136,31151,32176,33185,34158,35065,35863,36537,37093,37184,37037,36905,36783,36672,36569,36452,36307,36153,35982,36419,36846,37264,37637,38094,38575,38880,39123,39267,39252,39638,40064,40587,41185,41791,42429,42538,42751,42977,43061,43189,43589,43962,44282,44623,44962,,,,,,,,,,,,,,,,,,,,
Mujeres,5,27437,28358,29328,30342,31390,32457,33505,34517,35466,36306,37019,37370,37250,37130,37020,36919,36828,36748,36651,36528,36395,36706,36999,37310,37585,37837,38182,38555,38824,39006,39125,39566,39951,40377,40892,41465,42102,42263,42451,42709,42974,43145,43498,43878,44259,44569,44904,,,,,,,,,,,,,,,,,,,,
Mujeres,6,26661,27588,28552,29547,30589,31674,32774,33856,34905,35891,36765,37273,37417,37327,37232,37149,37073,37009,36956,36885,36786,36994,37173,37360,37540,37707,37856,38183,38520,38731,38883,39455,39888,40260,40666,41142,41731,41945,42184,42421,42721,43045,43454,43796,44182,44563,44871,,,,,,,,,,,,,,,,,,,,
Mujeres,7,25897,26828,27794,28779,29799,30872,31986,33116,34232,35314,36330,37007,37315,37491,37431,37367,37313,37268,37235,37210,37167,37277,37364,37448,37515,37601,37674,37881,38170,38450,38626,39225,39784,40196,40541,40898,41381,41612,41901,42191,42469,42797,43372,43774,44123,44517,44900,,,,,,,,,,,,,,,,,,,,
Mujeres,8,25126,26077,27042,28026,29034,30079,31178,32319,33478,34623,35732,36562,37049,37392,37601,37574,37542,37521,37510,37508,37513,37555,37556,37561,37539,37525,37527,37720,37889,38123,38365,38978,39559,40090,40468,40755,41111,41305,41609,41950,42279,42556,43145,43718,44130,44489,44890,,,,,,,,,,,,,,,,,,,,
Mujeres,9,24331,25308,26289,27271,28274,29303,30371,31493,32659,33844,35012,35947,36602,37126,37504,37749,37757,37761,37775,37797,37827,37805,37753,37686,37599,37510,37426,37595,37749,37864,38058,38722,39313,39859,40351,40663,40940,41081,41345,41700,42079,42380,42929,43520,44107,44531,44901,,,,,,,,,,,,,,,,,,,,
Mujeres,10,23501,24508,25513,26507,27504,28526,29574,30661,31803,32991,34196,35204,35982,36675,37237,37655,37938,37984,38027,38077,38135,38040,37942,37837,37695,37559,37415,37527,37655,37755,37826,38422,39059,39608,40107,40526,40819,40960,41165,41477,41868,42195,42781,43335,43944,44546,44985,,,,,,,,,,,,,,,,,,,,
Mujeres,11,22646,23680,24712,25727,26735,27747,28784,29847,30950,32111,33314,34375,35244,36061,36793,37395,37852,38176,38261,38341,38428,38278,38126,37993,37833,37661,37487,37550,37619,37693,37746,38199,38765,39357,39856,40278,40672,40908,41103,41346,41685,42004,42631,43227,43802,44429,45052,,,,,,,,,,,,,,,,,,,,
Mujeres,12,21782,22830,23888,24929,25956,26976,28002,29052,30130,31248,32422,33498,34438,35345,36198,36969,37609,38106,38469,38589,38703,38518,38329,38160,37989,37817,37623,37649,37670,37688,37715,38135,38559,39081,39623,40044,40440,40848,41122,41337,41594,41851,42486,43127,43747,44341,44992,,,,,,,,,,,,,,,,,,,,
Mujeres,13,20923,21969,23039,24105,25156,26195,27227,28264,29326,30415,31544,32606,33578,34553,35494,36383,37190,37867,38400,38797,38949,38743,38535,38345,38153,37988,37810,37794,37781,37756,37730,38112,38509,38891,39366,39832,40230,40697,41130,41405,41619,41798,42386,43036,43702,44342,44960,,,,,,,,,,,,,,,,,,,,
Mujeres,14,20078,21102,22168,23245,24318,25379,26428,27469,28516,29589,30686,31718,32691,33693,34697,35669,36588,37427,38136,38699,39125,38926,38710,38517,38316,38148,37993,37959,37911,37859,37794,38116,38487,38847,39186,39583,40035,40549,41031,41452,41714,41867,42389,42988,43661,44342,45004,,,,,,,,,,,,,,,,,,,,
Mujeres,15,19248,20238,21279,22348,23430,24511,25580,26636,27685,28740,29817,30830,31785,32782,33808,34835,35830,36775,37639,38371,38956,39018,38818,38633,38437,38280,38134,38080,38026,37952,37869,38139,38468,38810,39134,39391,39787,40389,40916,41383,41783,42011,42516,43039,43653,44330,45027,,,,,,,,,,,,,,,,,,,,
Mujeres,16,18421,19382,20385,21426,22498,23585,24671,25745,26806,27861,28918,29922,30868,31842,32854,33895,34938,35950,36912,37790,38535,38760,38829,38673,38492,38359,38233,38140,38079,38014,37916,38139,38442,38751,39068,39303,39576,40148,40768,41287,41728,42128,42713,43206,43734,44339,45022,,,,,,,,,,,,,,,,,,,,
Mujeres,17,17593,18529,19500,20500,21542,22616,23705,24794,25872,26936,27991,28985,29930,30889,31870,32890,33938,34990,36009,36977,37859,38263,38502,38622,38479,38375,38280,38154,38069,38016,37934,38096,38382,38676,38971,39191,39462,39927,40525,41149,41640,42118,42872,43433,43920,44422,45020,,,,,,,,,,,,,,,,,,,,
Mujeres,18,16776,17678,18622,19589,20587,21628,22703,23793,24884,25963,27026,28026,28969,29921,30882,31864,32885,33935,34986,36004,36967,37540,37967,38260,38400,38343,38280,38132,38028,37970,37906,38026,38280,38566,38859,39052,39327,39799,40296,40910,41506,42069,42891,43610,44156,44601,45084,,,,,,,,,,,,,,,,,,,,
Mujeres,19,15985,16846,17754,18692,19655,20652,21693,22767,23858,24950,26025,27041,27997,28942,29892,30849,31826,32843,33887,34931,35938,36633,37238,37718,38040,38269,38255,38090,37974,37913,37848,37927,38162,38424,38720,38911,39175,39647,40158,40677,41263,41965,42856,43632,44330,44820,45236,,,,,,,,,,,,,,,,,,,,
Mujeres,20,15464,16043,16909,17811,18745,19707,20703,21743,22818,23908,24995,26031,27008,27964,28903,29846,30794,31764,32770,33803,34832,35619,36355,37009,37527,37935,38206,38044,37917,37857,37794,37819,38028,38277,38559,38760,39033,39480,39996,40530,41022,41741,42750,43585,44334,44967,45421,,,,,,,,,,,,,,,,,,,,
Mujeres,21,14843,15516,16098,16958,17856,18789,19750,20744,21784,22858,23945,24998,26000,26975,27923,28853,29785,30723,31680,32673,33689,34549,35384,36163,36862,37458,37907,37991,37871,37809,37750,37735,37898,38124,38402,38599,38887,39321,39815,40353,40865,41512,42511,43456,44260,44933,45525,,,,,,,,,,,,,,,,,,,,
Mujeres,22,14264,14888,15565,16141,16998,17895,18827,19787,20782,21821,22891,23948,24973,25971,26936,27873,28791,29711,30636,31578,32553,33452,34363,35235,36064,36831,37466,37698,37825,37774,37717,37675,37798,37981,38242,38447,38732,39156,39640,40154,40675,41357,42254,43180,44092,44812,45439,,,,,,,,,,,,,,,,,,,,
Mujeres,23,13729,14302,14930,15601,16174,17031,17928,18860,19821,20815,21850,22896,23929,24948,25936,26890,27814,28720,29627,30536,31461,32368,33317,34258,35181,36067,36869,37266,37541,37737,37696,37635,37727,37872,38094,38296,38589,38982,39458,39959,40463,41163,42061,42876,43765,44587,45255,,,,,,,,,,,,,,,,,,,,
Mujeres,24,13228,13762,14338,14962,15631,16204,17061,17958,18891,19851,20843,21857,22881,23908,24917,25894,26835,27747,28639,29531,30423,31325,32281,33254,34246,35214,36131,36682,37121,37463,37673,37613,37677,37792,37978,38154,38442,38815,39264,39756,40256,40936,41818,42629,43402,44197,44964,,,,,,,,,,,,,,,,,,,,
Mujeres,25,12764,13251,13788,14361,14983,15654,16228,17086,17985,18919,19877,20850,21845,22863,23880,24879,25843,26773,27671,28549,29424,30333,31280,32253,33273,34299,35295,35956,36547,37049,37408,37588,37645,37733,37891,38044,38304,38647,39079,39543,40041,40706,41533,42323,43093,43768,44505,,,,,,,,,,,,,,,,,,,,
Mujeres,26,12308,12779,13270,13805,14377,15002,15674,16250,17111,18011,18944,19887,20842,21832,22840,23847,24833,25787,26703,27588,28450,29376,30325,31283,32300,33344,34393,35133,35829,36477,36997,37320,37607,37690,37822,37958,38193,38486,38890,39338,39816,40461,41239,41973,42722,43394,44010,,,,,,,,,,,,,,,,,,,,
Mujeres,27,11889,12315,12791,13280,13815,14391,15018,15692,16271,17134,18035,18953,19879,20829,21809,22808,23804,24781,25723,26627,27497,28437,29396,30351,31347,32378,33440,34238,35009,35758,36425,36905,37326,37641,37767,37888,38103,38352,38708,39130,39597,40198,40924,41611,42309,42965,43580,,,,,,,,,,,,,,,,,,,,
Mujeres,28,11529,11886,12317,12793,13283,13822,14402,15033,15712,16294,17159,18046,18947,19868,20809,21781,22770,23757,24722,25652,26542,27512,28480,29440,30427,31430,32473,33294,34118,34935,35701,36328,36898,37347,37706,37831,38027,38242,38555,38928,39374,39936,40591,41232,41889,42500,43105,,,,,,,,,,,,,,,,,,,,
Mujeres,29,11130,11518,11880,12312,12789,13285,13829,14413,15048,15732,16317,17168,18038,18935,19848,20782,21745,22726,23703,24658,25575,26580,27571,28536,29522,30508,31517,32332,33175,34040,34873,35603,36311,36909,37402,37766,37962,38148,38426,38757,39159,39669,40264,40840,41459,42037,42603,,,,,,,,,,,,,,,,,,,,
Mujeres,30,10724,11113,11507,11871,12305,12788,13289,13837,14427,15068,15755,16325,17158,18024,18915,19822,20749,21705,22678,23645,24589,25629,26651,27635,28620,29600,30588,31384,32217,33094,33973,34773,35574,36311,36951,37454,37886,38064,38312,38609,38973,39408,39935,40460,41023,41573,42114,,,,,,,,,,,,,,,,,,,,
Mujeres,31,10331,10702,11097,11493,11861,12302,12790,13296,13851,14447,15093,15764,16315,17145,18006,18891,19792,20713,21663,22627,23585,24655,25707,26718,27718,28691,29669,30461,31271,32132,33021,33873,34738,35566,36342,36997,37564,37973,38212,38480,38812,39178,39619,40086,40606,41111,41632,,,,,,,,,,,,,,,,,,,,
Mujeres,32,9964,10305,10682,11080,11480,11855,12302,12796,13309,13871,14472,15101,15753,16301,17127,17984,18865,19761,20677,21620,22577,23660,24738,25778,26800,27784,28752,29551,30352,31184,32054,32923,33832,34722,35587,36380,37093,37636,38107,38367,38673,38978,39344,39733,40202,40674,41157,,,,,,,,,,,,,,,,,,,,
Mujeres,33,9618,9937,10285,10665,11067,11475,11855,12308,12809,13329,13897,14480,15087,15738,16284,17107,17961,18839,19732,20643,21580,22656,23744,24808,25854,26858,27834,28641,29446,30264,31104,31962,32880,33813,34736,35618,36464,37156,37759,38252,38551,38802,39104,39426,39825,40256,40713,,,,,,,,,,,,,,,,,,,,
Mujeres,34,9288,9590,9916,10267,10652,11062,11475,11862,12322,12831,13357,13905,14466,15073,15722,16267,17087,17940,18816,19705,20612,21660,22739,23811,24879,25906,26900,27733,28543,29359,30182,31017,31918,32858,33819,34760,35690,36519,37269,37895,38428,38647,38894,39161,39499,39868,40291,,,,,,,,,,,,,,,,,,,,
Mujeres,35,8983,9264,9572,9902,10257,10649,11064,11483,11876,12343,12857,13363,13888,14450,15057,15706,16250,17072,17924,18799,19686,20693,21741,22804,23877,24924,25939,26807,27639,28456,29275,30103,30975,31895,32859,33836,34818,35739,36623,37396,38063,38493,38711,38931,39220,39536,39903,,,,,,,,,,,,,,,,,,,,
Mujeres,36,8691,8961,9249,9560,9893,10255,10652,11073,11498,11898,12370,12864,13346,13874,14436,15045,15694,16240,17063,17916,18790,19764,20770,21802,22864,23916,24950,25855,26719,27554,28371,29204,30063,30951,31892,32871,33884,34864,35836,36742,37554,38098,38535,38733,38981,39255,39574,,,,,,,,,,,,,,,,,,,,
Mujeres,37,8412,8676,8952,9241,9556,9896,10262,10664,11090,11521,11925,12376,12847,13333,13862,14427,15037,15689,16238,17063,17916,18863,19835,20826,21856,22897,23937,24875,25773,26636,27469,28309,29169,30041,30946,31899,32909,33929,34956,35947,36890,37563,38123,38547,38778,39017,39300,,,,,,,,,,,,,,,,,,,,
Mujeres,38,8146,8402,8671,8949,9241,9561,9905,10275,10681,11112,11547,11930,12360,12835,13323,13855,14422,15036,15693,16244,17071,17984,18928,19886,20874,21884,22913,23868,24798,25694,26552,27418,28280,29149,30034,30949,31927,32951,34013,35057,36082,36876,37576,38128,38589,38818,39070,,,,,,,,,,,,,,,,,,,,
Mujeres,39,7875,8142,8403,8673,8952,9250,9573,9920,10293,10704,11138,11552,11915,12349,12827,13318,13854,14426,15044,15703,16258,17131,18041,18972,19928,20897,21897,22852,23799,24723,25613,26512,27394,28262,29140,30033,30967,31968,33030,34107,35182,36051,36883,37578,38170,38633,38876,,,,,,,,,,,,,,,,,,,,
Mujeres,40,7591,7878,8148,8410,8681,8965,9264,9589,9939,10315,10727,11142,11539,11907,12344,12826,13321,13861,14438,15060,15724,16312,17183,18081,19012,19951,20911,21844,22788,23727,24644,25580,26492,27378,28251,29134,30041,31008,32042,33115,34218,35134,36052,36882,37620,38217,38697,,,,,,,,,,,,,,,,,,,,
Mujeres,41,7285,7598,7888,8158,8420,8694,8979,9280,9606,9957,10335,10729,11129,11530,11901,12343,12828,13329,13875,14456,15083,15770,16356,17218,18116,19032,19964,20862,21784,22720,23651,24620,25565,26477,27365,28241,29134,30082,31076,32118,33214,34158,35133,36051,36923,37668,38282,,,,,,,,,,,,,,,,,,,,
Mujeres,42,7046,7293,7609,7898,8168,8433,8709,8994,9295,9623,9974,10337,10719,11123,11527,11903,12348,12839,13344,13894,14480,15120,15807,16386,17249,18135,19046,19917,20804,21715,22641,23628,24603,25547,26460,27349,28232,29174,30145,31144,32204,33144,34157,35133,36093,36973,37735,,,,,,,,,,,,,,,,,,,,
Mujeres,43,6759,7058,7307,7622,7910,8183,8448,8723,9008,9310,9637,9975,10327,10714,11120,11529,11908,12358,12853,13362,13916,14510,15152,15833,16414,17267,18150,19000,19859,20735,21636,22622,23612,24585,25526,26438,27331,28269,29229,30201,31213,32124,33141,34155,35171,36139,37036,,,,,,,,,,,,,,,,,,,,
Mujeres,44,6543,6770,7072,7319,7633,7923,8195,8459,8733,9019,9319,9636,9966,10323,10711,11122,11533,11917,12371,12870,13383,13941,14537,15175,15860,16433,17285,18105,18942,19790,20655,21619,22606,23593,24561,25501,26415,27367,28318,29275,30256,31128,32123,33141,34193,35217,36200,,,,,,,,,,,,,,,,,,,,
Mujeres,45,6335,6553,6781,7081,7327,7642,7932,8202,8465,8739,9022,9314,9626,9960,10318,10710,11123,11539,11926,12383,12885,13400,13962,14556,15200,15880,16454,17237,18044,18869,19707,20637,21601,22584,23565,24531,25470,26446,27406,28352,29314,30166,31127,32122,33175,34234,35270,,,,,,,,,,,,,,,,,,,,
Mujeres,46,6125,6344,6562,6789,7087,7335,7649,7937,8207,8469,8741,9018,9308,9622,9957,10318,10711,11127,11545,11934,12393,12897,13417,13979,14579,15220,15903,16402,17173,17969,18785,19688,20617,21576,22552,23530,24494,25495,26476,27429,28376,29222,30167,31127,32153,33212,34279,,,,,,,,,,,,,,,,,,,,
Mujeres,47,5916,6132,6351,6568,6793,7093,7339,7651,7938,8207,8467,8734,9011,9302,9617,9954,10315,10710,11128,11546,11936,12399,12910,13431,14001,14600,15246,15846,16335,17096,17883,18764,19665,20588,21539,22512,23486,24511,25515,26487,27438,28282,29224,30165,31152,32181,33243,,,,,,,,,,,,,,,,,,,,
Mujeres,48,5707,5920,6136,6354,6568,6795,7094,7338,7649,7935,8201,8459,8727,9005,9296,9611,9948,10310,10706,11123,11542,11940,12410,12923,13453,14022,14628,15183,15773,16253,17007,17858,18737,19632,20546,21493,22461,23495,24521,25516,26483,27345,28285,29219,30183,31169,32196,,,,,,,,,,,,,,,,,,,,
Mujeres,49,5500,5709,5923,6136,6352,6569,6794,7091,7334,7645,7928,8193,8452,8720,8997,9287,9601,9938,10299,10694,11110,11542,11948,12422,12943,13474,14050,14559,15106,15688,16164,16979,17827,18698,19584,20494,21435,22461,23494,24509,25498,26389,27345,28274,29227,30186,31166,,,,,,,,,,,,,,,,,,,,
Mujeres,50,5296,5496,5706,5917,6129,6347,6562,6786,7082,7325,7632,7916,8182,8441,8708,8983,9271,9585,9920,10280,10672,11108,11549,11959,12441,12964,13502,13974,14476,15016,15594,16129,16940,17781,18644,19525,20428,21425,22449,23471,24479,25402,26382,27324,28268,29212,30160,,,,,,,,,,,,,,,,,,,,
Mujeres,51,5105,5289,5489,5697,5906,6121,6337,6551,6774,7069,7309,7617,7903,8169,8425,8690,8962,9250,9561,9893,10249,10669,11114,11558,11976,12460,12989,13418,13886,14382,14920,15553,16084,16888,17720,18577,19451,20408,21402,22415,23429,24382,25388,26352,27303,28235,29164,,,,,,,,,,,,,,,,,,,,
Mujeres,52,4929,5093,5277,5475,5681,5893,6107,6322,6535,6758,7050,7291,7601,7885,8148,8402,8663,8934,9218,9526,9854,10245,10672,11120,11572,11992,12482,12899,13323,13786,14282,14869,15498,16023,16818,17645,18496,19422,20375,21358,22362,23328,24357,25344,26313,27248,28160,,,,,,,,,,,,,,,,,,,,
Mujeres,53,4771,4912,5076,5258,5455,5663,5875,6086,6301,6514,6735,7028,7271,7579,7860,8120,8369,8629,8897,9178,9481,9851,10248,10678,11131,11584,12007,12383,12797,13220,13684,14223,14807,15430,15948,16740,17560,18459,19380,20322,21296,22258,23292,24298,25287,26237,27149,,,,,,,,,,,,,,,,,,,,
Mujeres,54,4632,4749,4889,5051,5232,5431,5639,5849,6060,6275,6486,6707,7002,7244,7548,7826,8082,8330,8587,8851,9128,9478,9852,10251,10685,11138,11593,11902,12276,12689,13113,13615,14151,14730,15346,15862,16647,17513,18408,19318,20252,21189,22209,23218,24222,25188,26112,,,,,,,,,,,,,,,,,,,,
Mujeres,55,4509,4603,4719,4858,5018,5202,5401,5607,5817,6029,6241,6453,6676,6969,7207,7509,7783,8038,8283,8536,8797,9123,9476,9851,10252,10684,11138,11481,11791,12165,12581,13038,13537,14069,14642,15256,15768,16595,17455,18340,19241,20140,21125,22118,23120,24099,25035,,,,,,,,,,,,,,,,,,,,
Mujeres,56,4399,4474,4567,4681,4819,4984,5167,5364,5571,5781,5991,6204,6418,6640,6929,7164,7462,7734,7986,8227,8477,8789,9118,9470,9846,10244,10675,11021,11365,11675,12053,12496,12951,13446,13973,14544,15154,15706,16527,17379,18255,19123,20060,21016,22000,22975,23921,,,,,,,,,,,,,,,,,,,,
Mujeres,57,4294,4358,4432,4524,4638,4781,4944,5127,5325,5532,5741,5952,6166,6378,6596,6883,7114,7410,7679,7927,8165,8467,8780,9106,9458,9829,10224,10554,10901,11245,11560,11960,12402,12854,13345,13871,14439,15085,15633,16447,17290,18132,19028,19934,20878,21831,22771,,,,,,,,,,,,,,,,,,,,
Mujeres,58,4185,4245,4308,4383,4475,4594,4736,4900,5083,5282,5489,5698,5909,6122,6330,6546,6828,7058,7351,7616,7860,8150,8451,8761,9085,9431,9797,10099,10430,10778,11127,11460,11859,12299,12747,13240,13763,14363,15005,15547,16352,17160,18020,18885,19778,20691,21609,,,,,,,,,,,,,,,,,,,,
Mujeres,59,4067,4130,4189,4253,4327,4425,4545,4687,4852,5037,5236,5442,5650,5860,6069,6276,6487,6768,6995,7283,7544,7839,8128,8425,8731,9049,9390,9671,9973,10304,10656,11019,11353,11750,12186,12637,13127,13679,14275,14911,15447,16214,17032,17862,18713,19575,20452,,,,,,,,,,,,,,,,,,,,
Mujeres,60,3938,4007,4069,4129,4193,4274,4373,4493,4637,4804,4990,5187,5391,5598,5804,6011,6213,6424,6701,6924,7208,7516,7809,8093,8385,8684,8995,9258,9541,9844,10179,10542,10905,11239,11634,12073,12521,13036,13585,14175,14804,15301,16072,16861,17677,18498,19326,,,,,,,,,,,,,,,,,,,,
Mujeres,61,3795,3872,3941,4003,4064,4136,4218,4317,4440,4587,4754,4937,5131,5334,5538,5741,5943,6144,6352,6624,6844,7172,7479,7766,8045,8330,8622,8864,9127,9409,9715,10060,10424,10787,11118,11517,11954,12424,12934,13477,14061,14647,15145,15890,16665,17454,18243,,,,,,,,,,,,,,,,,,,,
Mujeres,62,3642,3725,3802,3871,3935,4004,4077,4160,4263,4388,4536,4699,4878,5072,5270,5471,5669,5870,6068,6272,6539,6801,7126,7427,7709,7980,8257,8487,8729,8991,9274,9591,9938,10301,10663,10999,11397,11850,12314,12819,13355,13895,14478,14955,15688,16439,17198,,,,,,,,,,,,,,,,,,,,
Mujeres,63,3482,3567,3650,3728,3798,3870,3940,4015,4102,4208,4335,4477,4636,4814,5003,5198,5394,5591,5789,5983,6182,6488,6747,7067,7361,7634,7898,8119,8348,8588,8852,9148,9466,9812,10174,10540,10875,11283,11731,12190,12687,13180,13715,14278,14748,15459,16183,,,,,,,,,,,,,,,,,,,,
Mujeres,64,3322,3405,3489,3572,3651,3730,3803,3875,3954,4044,4152,4273,4410,4568,4741,4927,5117,5312,5506,5700,5890,6125,6428,6681,6994,7280,7545,7757,7978,8204,8445,8724,9021,9338,9682,10048,10412,10752,11154,11596,12046,12503,12990,13509,14066,14520,15207,,,,,,,,,,,,,,,,,,,,
Mujeres,65,3161,3243,3325,3409,3494,3580,3660,3735,3811,3893,3985,4086,4200,4337,4490,4661,4842,5031,5223,5412,5603,5826,6059,6355,6602,6905,7182,7401,7612,7828,8055,8313,8593,8890,9205,9552,9915,10278,10613,11009,11442,11855,12307,12781,13295,13837,14274,,,,,,,,,,,,,,,,,,,,
Mujeres,66,2996,3079,3159,3242,3327,3419,3507,3589,3667,3747,3831,3915,4008,4123,4255,4407,4572,4752,4939,5126,5312,5532,5753,5980,6268,6507,6801,7035,7252,7459,7676,7923,8182,8460,8753,9071,9415,9772,10128,10458,10845,11243,11654,12094,12566,13068,13593,,,,,,,,,,,,,,,,,,,,
Mujeres,67,2826,2914,2994,3075,3159,3251,3344,3433,3518,3600,3682,3756,3833,3927,4037,4168,4314,4480,4657,4839,5023,5236,5453,5668,5888,6167,6396,6651,6883,7095,7302,7542,7788,8045,8319,8615,8928,9262,9611,9961,10282,10639,11037,11439,11879,12341,12829,,,,,,,,,,,,,,,,,,,,
Mujeres,68,2646,2744,2828,2909,2990,3081,3173,3267,3359,3446,3530,3601,3668,3746,3836,3945,4071,4219,4381,4554,4734,4940,5150,5362,5569,5781,6050,6245,6496,6723,6935,7166,7404,7648,7900,8175,8465,8766,9092,9435,9775,10070,10431,10821,11224,11656,12106,,,,,,,,,,,,,,,,,,,,
Mujeres,69,2455,2564,2658,2742,2823,2911,3001,3094,3190,3284,3373,3446,3508,3577,3651,3741,3846,3973,4118,4277,4447,4646,4849,5053,5257,5456,5659,5897,6090,6336,6563,6799,7027,7261,7499,7751,8019,8294,8586,8906,9237,9556,9859,10214,10605,11001,11421,,,,,,,,,,,,,,,,,,,,
Mujeres,70,2255,2376,2480,2573,2656,2743,2831,2920,3015,3112,3206,3284,3348,3412,3477,3552,3638,3744,3869,4010,4166,4353,4548,4746,4943,5138,5329,5505,5739,5928,6173,6422,6655,6879,7105,7343,7586,7840,8107,8393,8700,9016,9343,9641,9997,10381,10766,,,,,,,,,,,,,,,,,,,,
Mujeres,71,2051,2177,2292,2394,2485,2574,2660,2747,2838,2934,3031,3113,3182,3248,3309,3374,3445,3533,3638,3760,3899,4068,4252,4442,4632,4821,5008,5174,5348,5577,5766,6031,6276,6502,6718,6944,7171,7401,7645,7905,8180,8475,8801,9122,9422,9770,10143,,,,,,,,,,,,,,,,,,,,
Mujeres,72,1851,1975,2095,2206,2305,2401,2489,2573,2661,2753,2847,2932,3006,3077,3139,3201,3263,3336,3423,3525,3645,3794,3961,4140,4322,4505,4685,4850,5015,5185,5413,5622,5881,6118,6335,6548,6763,6977,7198,7436,7684,7950,8257,8576,8898,9190,9526,,,,,,,,,,,,,,,,,,,,
Mujeres,73,1661,1778,1895,2010,2117,2221,2314,2400,2484,2572,2662,2745,2822,2898,2965,3027,3086,3151,3223,3308,3409,3538,3685,3847,4018,4193,4367,4527,4689,4850,5019,5263,5467,5717,5943,6158,6359,6563,6768,6982,7209,7452,7731,8030,8347,8658,8938,,,,,,,,,,,,,,,,,,,,
Mujeres,74,1486,1590,1699,1811,1921,2032,2132,2222,2307,2392,2477,2556,2632,2711,2782,2849,2908,2970,3034,3105,3188,3296,3423,3566,3721,3885,4051,4206,4363,4522,4681,4867,5103,5298,5537,5759,5961,6154,6348,6547,6751,6973,7230,7500,7795,8099,8395,,,,,,,,,,,,,,,,,,,,
Mujeres,75,1326,1415,1512,1616,1723,1836,1942,2039,2128,2212,2294,2369,2443,2520,2594,2665,2728,2791,2851,2914,2984,3073,3180,3303,3439,3587,3742,3890,4042,4194,4351,4525,4705,4931,5115,5348,5557,5752,5935,6123,6312,6512,6747,6993,7257,7538,7824,,,,,,,,,,,,,,,,,,,,
Mujeres,76,1185,1259,1340,1432,1531,1640,1747,1848,1943,2030,2111,2184,2254,2328,2401,2474,2541,2606,2668,2727,2789,2863,2952,3055,3172,3302,3442,3579,3724,3871,4022,4191,4359,4530,4744,4925,5144,5347,5531,5708,5886,6071,6282,6505,6743,6991,7253,,,,,,,,,,,,,,,,,,,,
Mujeres,77,1058,1119,1186,1263,1350,1450,1553,1655,1753,1845,1928,2001,2069,2141,2210,2281,2350,2419,2483,2542,2601,2666,2741,2826,2924,3035,3157,3280,3413,3553,3697,3859,4022,4181,4341,4549,4717,4931,5123,5301,5468,5640,5834,6033,6247,6469,6697,,,,,,,,,,,,,,,,,,,,
Mujeres,78,944,995,1050,1113,1185,1273,1367,1464,1562,1657,1745,1820,1889,1958,2024,2091,2157,2227,2294,2355,2413,2474,2540,2612,2693,2787,2891,2996,3115,3243,3380,3535,3690,3843,3991,4146,4339,4506,4708,4893,5060,5220,5399,5579,5768,5964,6165,,,,,,,,,,,,,,,,,,,,
Mujeres,79,841,883,928,979,1038,1111,1194,1282,1375,1469,1559,1639,1711,1779,1842,1906,1967,2034,2101,2164,2223,2283,2345,2410,2478,2556,2644,2730,2832,2946,3071,3217,3364,3509,3652,3795,3938,4130,4287,4480,4653,4811,4974,5139,5308,5478,5653,,,,,,,,,,,,,,,,,,,,
Mujeres,80+,37295,39581,42333,45062,48796,52578,56494,60678,64876,69388,74258,79266,84884,90503,96026,102187,108306,114488,121232,127358,133884,141908,149544,157410,165616,175722,186535,198268,211467,226117,241756,257609,274168,291440,307828,324051,339200,354989,370521,385503,400368,415435,430958,446255,460435,474303,487211,501481,517526,535090,555177,579055,604485,630475,656537,684752,712226,742442,773146,804718,836402,868867,902460,935624,968460,999771,1028733
